index,protein_index,residue_index,target,pred_0,pred_1,pred_2,pred_3,pred_4,pred_5,pred_6,pred_7,pred_8,pred_9,pred
0,0,0,0,-7.24821,2.22488,-1.72642,2.74373,-2.912,1.61751,0.24105,0.49903,-1.54335,-0.08011,0
1,0,1,0,-8.66095,0.25956,-4.21334,1.57658,-2.61685,-0.90586,1.49531,-1.18533,1.78751,-1.57086,0
2,0,2,0,-18.13456,0.05887,-3.60128,2.20779,-4.26086,1.20933,-2.59616,-1.18345,-2.3053,-0.95507,0
3,0,3,0,-10.53038,-1.69715,-2.25578,1.55059,-2.70008,1.0943,-2.46818,2.11926,-5.84181,0.20215,0
4,0,4,0,-20.73709,-0.06452,-4.54677,1.12427,-5.60205,0.5322,-5.80685,0.70407,-5.8495,-0.48079,0
5,0,5,0,-18.00472,-0.0007,-2.24225,-0.57881,-2.45233,-0.13302,-2.69775,0.57946,-2.32954,0.00153,0
6,0,6,0,-22.04903,1.21281,-6.17799,-0.37348,-2.16636,1.22989,-4.60924,2.18614,-2.74539,-0.92053,0
7,0,7,0,-10.11872,-1.43559,0.51516,-0.49058,-0.22373,-0.07751,-2.81337,1.5394,-5.17332,-0.4004,0
8,0,8,0,-10.55915,0.19623,-3.6881,2.22165,-1.4191,4.90009,-5.05589,2.94378,-5.44501,-1.78102,0
9,0,9,0,-16.1405,3.23999,-3.66945,-0.07124,-3.98048,2.98892,-4.36669,-1.59885,2.25469,-0.43668,0
10,0,10,0,-8.38294,-0.716,0.75331,-2.19018,-1.54098,1.24249,-3.27296,-3.39479,3.12364,-2.27915,0
11,0,11,1,0.91524,3.22362,5.64042,1.41465,7.0921,3.67703,6.84382,3.4222,6.01679,3.37418,1
12,0,12,0,-4.03,2.05282,1.41539,-1.30267,5.16668,-1.59504,5.23521,-1.1051,4.67113,0.97976,1
13,0,13,0,-1.43752,4.95435,-6.00428,4.25269,-1.55426,3.02684,-2.9595,0.63935,2.02034,3.10188,0
14,0,14,0,-8.24278,-2.17397,1.08011,-3.05009,1.91111,-0.13949,0.03801,-1.31864,0.34563,-1.56838,0
15,0,15,0,-9.34236,-2.25924,-0.07071,-0.31441,-3.00534,1.59184,-2.33602,0.085,-1.39109,-1.68225,0
16,0,16,0,-6.57526,-5.34465,3.4376,-1.58722,3.08181,-3.13695,1.16213,-2.58429,0.01972,-0.07781,0
17,0,17,0,-11.8886,-4.71355,3.35966,-4.82935,3.83591,-7.22918,0.68749,-3.11435,1.33483,-3.87666,0
18,0,18,0,-5.6557,-2.18349,5.19513,-4.93542,3.58758,-2.91654,-0.50391,-2.23327,2.14066,-0.7816,0
19,0,19,1,-8.98145,2.76897,-2.69231,4.07382,-1.75083,4.35797,-2.27801,0.93467,-0.70668,3.47129,0
20,0,20,0,-6.50971,-2.36768,4.69269,-0.45431,3.99547,0.64314,3.25815,-1.73385,5.09518,0.10539,0
21,0,21,0,-12.27254,-0.62453,-5.36088,-3.16826,-0.78245,-3.21627,0.5899,-4.69647,2.39801,-3.48797,0
22,0,22,0,-4.85157,-1.51389,3.34656,-0.6144,-1.16742,0.12847,-0.42395,0.2155,-2.89524,1.03011,0
23,0,23,0,-10.86622,-1.43921,-0.23073,0.27515,-4.01747,-0.66034,-1.65568,0.17272,-2.18441,0.21616,0
24,0,24,0,-14.63701,-1.60374,-1.88944,-2.63379,-2.33324,-2.31626,-2.95961,-3.04814,-2.89618,0.98783,0
25,0,25,0,-20.10459,1.15704,-4.16561,-0.89314,-3.56463,2.22635,-3.71533,-0.77649,-3.13281,2.28267,0
26,0,26,0,-21.77326,2.96396,-4.86435,0.41037,-3.97556,1.75905,-4.19657,0.46365,-3.40851,2.05543,0
27,0,27,0,-23.36837,0.47301,-3.93593,0.5403,-2.70296,0.94576,-2.65811,-0.03638,-4.79775,0.59492,0
28,0,28,0,-24.25635,-0.43191,-6.44248,1.96034,-6.21263,1.60243,-6.28953,0.61776,-6.56607,0.49178,0
29,0,29,0,-20.07471,0.8477,-4.67647,-0.76332,-3.17562,2.1876,-4.51578,0.7363,-4.52466,0.7908,0
30,0,30,0,-12.21715,0.83367,-2.57344,-2.03573,0.34251,-1.79741,1.00053,-2.44915,0.93709,-2.43279,0
31,0,31,0,-8.17739,-0.29198,-2.91678,-1.37014,3.5431,-3.65537,0.71585,-3.60745,3.52701,-2.526,0
32,0,32,1,3.3406,2.72184,5.4428,-1.2376,6.25943,2.65915,4.15507,3.29682,4.25504,2.16284,1
33,0,33,1,-1.68566,-1.37496,6.44387,-0.83507,8.48772,-2.87096,8.70982,-1.42204,6.4473,-0.43703,1
34,0,34,1,6.74389,7.42009,7.61775,5.96704,7.38577,3.98884,10.17064,5.26455,8.29368,5.90173,1
35,0,35,0,-2.18333,-3.26668,8.33225,-1.72474,7.15931,-1.70329,8.00439,-2.83786,6.53574,-3.40365,1
36,0,36,0,-8.97497,-2.49583,3.71217,-3.90734,4.56743,-3.99675,4.72651,-2.2044,2.77057,-4.83952,0
37,0,37,0,-3.88886,-2.48236,4.25365,-1.86767,2.34177,1.13411,-3.55837,2.43124,-3.85395,3.76296,0
38,0,38,0,-8.12084,-4.02275,3.52242,-0.50823,1.41973,0.71884,-0.15284,-0.27438,0.38521,0.47073,0
39,0,39,0,-18.74335,-0.04041,-3.72516,-0.23156,-5.66973,2.70075,-7.46619,1.69768,-5.75773,0.47679,0
40,0,40,0,-18.89625,-2.27088,-3.88118,1.61146,-6.00357,1.74381,-7.06547,-0.20063,-6.47782,0.36084,0
41,0,41,0,-17.13873,0.46518,-1.84041,0.09523,-2.62004,1.3913,-1.59317,-0.00885,-3.70851,1.76544,0
42,0,42,0,-24.29068,1.4267,-5.44442,0.65041,-4.69421,1.95357,-5.61877,-0.12343,-5.07965,1.4122,0
43,0,43,0,-22.06648,0.24365,-4.81727,0.31069,-5.22671,1.78094,-6.51191,-1.20802,-6.15596,-0.78214,0
44,0,44,0,-25.51015,0.11534,-6.16698,-1.42683,-5.33003,-0.08572,-5.15309,-1.77836,-3.17015,-2.02219,0
45,0,45,0,-17.86104,-0.10431,-1.68731,-2.19812,-1.84391,0.11543,-4.12803,-0.77402,-4.32634,0.06866,0
46,0,46,0,-19.95838,-1.29735,0.1568,-2.41121,-1.52827,0.6056,-3.90899,-0.91131,-4.13346,-0.32813,0
47,0,47,0,-21.49994,0.5946,-6.17512,3.24933,-6.61114,1.31175,-5.23023,-2.68977,-2.85642,-0.54175,0
48,0,48,0,-11.14046,1.57937,-2.84555,4.01588,-3.07541,1.69937,-4.23449,0.29588,-3.38737,1.24244,0
49,0,49,0,-8.61551,-2.15193,-1.88351,1.22534,-3.50641,1.22639,-5.32523,1.27016,-5.07735,1.08991,0
50,0,50,0,-5.03166,1.36108,0.14909,1.71892,-1.08618,2.04432,0.38485,1.92917,-3.30911,1.31789,0
51,0,51,1,-2.82775,4.05796,2.43221,5.45283,1.50975,1.21669,5.38397,1.24145,4.28023,3.75135,1
52,0,52,0,-16.50193,0.90553,-7.80771,2.99293,-7.33797,1.77737,-7.20021,-1.01869,-3.04169,0.29581,0
53,0,53,0,-17.37473,1.41336,-3.81098,0.02194,-4.88519,2.36756,-5.19528,1.77276,-4.92377,0.63844,0
54,0,54,0,-12.96063,-1.52695,3.27568,-1.48095,-3.17913,1.19362,-2.31729,0.17769,-4.63675,0.27887,0
55,0,55,1,-9.51798,2.08069,2.55108,3.22393,0.56615,-0.89428,3.98122,-0.70717,4.03693,2.62407,0
56,0,56,0,-3.44498,-1.96208,2.07953,1.48415,0.58822,2.82729,1.02543,-0.25894,0.99541,1.37422,0
57,0,57,0,-11.11399,-3.75265,-2.91958,2.53317,-4.38519,1.43887,-8.05272,-0.5555,-3.80018,1.03337,0
58,0,58,0,-17.391,0.44734,0.88978,1.55735,-3.52195,1.12523,-3.19676,0.72889,-3.92726,2.41002,0
59,0,59,0,-12.25261,0.94262,-3.90516,1.82122,0.25175,-0.18457,-0.72024,-1.78303,-0.75791,-0.67829,0
60,0,60,0,-20.14704,-0.30618,-5.23241,0.74653,-5.62409,0.65747,-6.58876,0.7919,-5.15219,0.90124,0
61,0,61,0,-16.42653,-0.58305,0.66449,-2.85017,-0.66757,2.61805,-4.27807,0.26804,-3.55345,0.499,0
62,0,62,0,-18.81166,1.5257,-1.69695,-1.06035,0.21601,-1.29542,1.44333,-2.65362,1.42623,-1.00348,0
63,0,63,0,-7.66804,-2.40339,1.86177,-3.04472,3.22764,-4.47024,4.97775,-4.72818,3.34698,-6.21731,0
64,0,64,1,1.31971,-0.74124,5.05067,-0.05239,0.88111,4.66577,-1.41621,2.19868,0.60392,0.24812,1
65,0,65,0,-3.61176,-2.03212,3.09228,-5.09509,3.74051,-4.23906,4.48055,-4.21933,6.15242,-5.0257,0
66,0,66,0,-5.94022,-7.05566,4.79845,-5.43006,3.79047,-7.36913,4.35895,-7.33109,5.49795,-6.99669,0
67,0,67,0,-8.47897,-1.52064,3.72346,-4.35721,4.55324,-4.14037,3.17616,-3.99648,4.61881,-4.70484,0
68,0,68,0,-13.97178,0.23032,-1.62871,-3.44983,1.63362,-4.45166,2.94248,-5.06745,4.9135,-4.94418,0
69,0,69,0,-17.75025,0.48203,-3.36799,-2.5057,-1.49334,-0.2405,-0.91676,-3.55153,-1.45075,-0.92327,0
70,0,70,0,-15.49547,-1.64281,-2.46246,-0.4214,-3.10359,-0.68983,-1.73466,-2.38546,-2.55178,0.80756,0
71,0,71,0,-18.27435,0.77944,-3.85372,-0.53238,-4.43583,-0.03938,-3.50655,-0.56998,-0.56234,-0.43011,0
72,0,72,0,-18.61607,-0.46123,-1.22182,-1.22688,-0.97962,0.05957,1.5296,-0.22731,-2.1921,0.48438,0
73,0,73,0,-22.19818,1.53774,-6.61307,1.57671,-6.05996,2.35074,-6.23594,1.29973,-6.44237,1.46457,0
74,0,74,0,-16.50837,-0.20271,-3.10202,2.35666,-4.38077,1.15509,-3.9536,0.32415,-3.82386,1.09471,0
75,0,75,0,-15.97306,1.70639,-5.43289,1.12625,-5.48699,1.80341,-4.30568,0.6106,-6.03398,0.44959,0
76,0,76,0,-24.13902,0.45,-3.27381,-1.9736,-3.35675,-1.11896,-1.55719,-0.04494,-4.88669,0.09336,0
77,0,77,0,-7.40015,1.1243,-2.33098,2.20555,-2.23967,1.83616,2.07419,-0.23616,-5.63408,1.03265,0
78,0,78,1,7.53009,4.82913,7.62704,2.80426,6.42557,3.0475,6.88798,5.33777,6.1972,2.88501,1
79,0,79,0,-4.38885,-3.5349,4.78972,-1.76941,4.57852,-3.63982,3.90351,-3.28299,3.71024,-3.2349,0
80,0,80,1,-1.68575,1.00373,6.99258,2.99176,6.29005,1.10606,9.47212,3.09549,7.90672,1.47601,1
81,0,81,1,4.09895,2.91926,6.51593,6.41417,4.26397,3.46006,7.83672,4.19239,7.69018,4.12467,1
82,0,82,1,7.91686,6.27049,5.88443,7.87891,5.37013,6.91597,8.1017,4.829,7.79927,6.19494,1
83,0,83,1,4.56062,2.31091,6.79813,2.42085,7.53239,3.23805,7.47671,4.5751,6.04263,4.42758,1
84,0,84,1,5.50498,4.2995,7.28741,5.207,4.45276,4.7302,6.29504,5.30502,5.98251,3.58705,1
85,0,85,0,5.43727,6.48968,5.72467,5.22326,4.00372,6.25879,2.55692,4.37173,4.64534,5.14751,1
86,0,86,1,5.1854,5.015,4.30136,5.68404,3.30595,5.3552,3.81816,4.20029,5.07632,5.17735,1
87,0,87,0,-10.6831,4.44529,-5.77949,3.39549,-4.54204,-2.83138,1.63388,0.34632,-0.47076,4.20275,0
88,0,88,0,-14.54399,2.88979,-5.89623,2.37366,-4.1147,2.33419,-4.85035,0.06723,0.72298,-1.02805,0
89,0,89,0,-8.80072,3.30792,-5.16179,-1.7842,-1.23951,4.04562,-3.60014,4.02396,-1.08825,-2.92434,0
90,0,90,0,-13.84555,-1.48186,1.64897,-4.90649,-1.25824,-0.91409,-2.3971,-0.98237,2.98686,-2.45279,0
91,0,91,0,-6.71914,1.32618,4.11311,-3.6246,3.64462,-1.71108,3.99011,-3.32661,3.60854,-2.83684,0
92,0,92,0,-16.74954,-1.97841,0.9219,-1.59239,0.25858,-1.07032,1.44054,-1.89926,-0.68161,-2.24798,0
93,0,93,0,-19.70854,-1.3455,-2.20174,-2.95327,-2.30849,-0.45909,-3.07954,-0.55901,-3.47901,-0.42656,0
94,0,94,0,-8.31921,-2.37701,2.9634,-1.32912,0.62898,-0.01123,0.57536,1.51653,-1.65992,2.5413,0
95,0,95,0,-20.63613,-1.3396,-1.95357,-1.07002,-2.97861,-2.36176,-3.25424,-3.03375,-1.84162,-0.04404,0
96,0,96,0,-16.77171,-0.55239,-1.35657,0.78878,-3.31047,0.10114,-2.21963,0.04928,-2.9575,1.07892,0
97,0,97,0,-12.2469,1.35148,-1.10924,0.25572,-0.67994,0.28315,-1.00929,1.21929,-2.18196,1.6282,0
98,0,98,0,-11.3323,-1.03146,-0.58125,-0.74372,-0.5847,-1.82411,-3.05759,-0.53455,-1.52499,0.11856,0
99,0,99,0,-17.21996,1.05796,-2.87882,0.17032,-2.15379,0.70401,-0.61826,-1.18765,-2.64536,0.37953,0
100,0,100,0,-25.42212,0.27788,-5.1661,1.00756,-4.71751,0.74128,-3.20221,-0.01426,-6.11429,-0.66434,0
101,0,101,0,-23.47819,0.0743,-6.21858,0.69026,-5.03881,0.43152,-4.56422,0.09522,-4.97549,-0.93944,0
102,0,102,0,-14.70513,-0.19175,-1.09738,-2.70495,-1.67521,-1.41501,-1.18198,-0.12885,-1.80765,-1.41051,0
103,0,103,0,-15.56105,0.10053,-1.44052,-3.64514,-2.57048,-0.60523,-4.49575,-1.0579,-4.60701,-1.13127,0
104,0,104,0,-16.82177,0.81102,-1.68222,-2.47338,-0.4155,-1.68484,-0.34986,-2.08077,-1.91801,0.4471,0
105,0,105,0,-14.01207,-1.77118,0.56596,-2.38676,0.85255,-3.46884,-0.60453,-2.2144,-1.66807,0.82185,0
106,0,106,0,-13.57374,-0.63368,-0.49786,-0.38529,0.5691,-1.48889,1.11182,-2.02539,-1.69492,-0.04819,0
107,0,107,0,-17.42508,-0.56406,-2.79661,0.60345,-3.0074,-0.61626,-2.95737,-2.54592,-1.99675,-2.0784,0
108,0,108,0,-23.01046,-0.41529,-3.58744,-3.22302,-0.80326,-1.34096,-1.97034,-2.08564,-3.44442,-2.38705,0
109,0,109,0,-18.23485,-1.05527,-0.65801,-1.51472,-1.70013,-0.69996,0.0358,-0.73293,-2.55549,-0.11654,0
110,0,110,0,-16.41792,-3.15117,0.3042,-4.44707,0.19137,-3.47918,0.73825,-4.17537,0.02986,-3.93123,0
111,0,111,0,-8.57682,-4.44814,1.69578,-2.67323,1.54112,-4.77354,2.69383,-4.83294,2.20036,-6.0595,0
112,0,112,0,-16.09574,1.56232,0.01149,-3.31361,-0.29559,-2.13546,1.8755,-0.63681,-1.60282,-0.01692,0
113,0,113,0,-16.761,-1.74306,-1.08564,-2.00928,-0.03767,-4.27077,0.94622,-3.50183,0.89441,-3.76662,0
114,0,114,0,-11.04074,-4.94243,2.30253,-1.81139,1.71466,-6.06066,2.49597,-6.16531,1.67956,-5.40901,0
115,0,115,0,-10.9407,-2.14122,1.56211,-1.03129,-0.5701,-0.5891,-2.18393,0.5944,-2.83866,0.52533,0
116,0,116,0,-22.2435,1.23766,-6.55972,-2.37732,-4.93145,-0.156,-4.08887,-0.52221,-2.80766,-1.8877,0
117,0,117,0,-13.21936,-2.72742,0.9362,-1.06142,-0.25772,-1.84964,-0.69919,-1.63028,-0.2324,-1.76177,0
118,0,118,0,-12.20455,-3.36824,1.67178,0.1887,0.11403,-3.37652,0.91347,-1.8057,0.93142,-2.32907,0
119,0,119,0,-13.68855,0.53237,-0.64353,-1.68927,0.13821,0.22738,-2.40413,0.12641,-3.54029,-0.84343,0
120,0,120,0,-19.76377,-0.43466,-4.07826,0.34911,-4.32339,-0.03843,-2.83815,-0.85916,-0.85787,-2.23213,0
121,0,121,0,-9.81338,-5.18706,2.11138,-0.7404,-0.63745,-2.80011,0.5111,-1.14405,1.33437,-1.53461,0
122,0,122,0,-12.71519,-4.66476,0.79858,0.84778,0.15811,-5.13376,-2.99424,-0.85484,1.61453,-1.83199,0
123,0,123,0,-11.11272,2.05684,-6.32373,0.40292,-2.88052,1.06583,-2.15253,1.17115,-2.65753,0.63281,0
124,0,124,0,-11.23596,-4.87224,0.80944,0.13868,-5.22452,0.78855,-4.59178,0.50479,-4.9161,0.58244,0
125,0,125,0,-19.0645,-0.71027,-4.8784,0.89428,-5.53211,0.5999,-6.42057,1.18764,-7.1853,-0.16533,0
126,0,126,0,-7.84093,-2.10898,1.15948,0.47778,-0.90602,0.01216,-1.25343,-2.29349,1.34028,-1.90175,0
127,0,127,0,-9.17055,-5.11605,2.97836,1.33722,-3.90296,3.8867,-4.36079,0.77683,-4.05834,-4.33161,0
128,0,128,0,-12.09728,-4.4191,-1.63976,2.01107,-5.79149,1.14652,-4.72263,0.98812,-4.85541,-0.42708,0
129,0,129,0,-15.0231,-0.72634,3.4926,-3.30256,1.30916,-2.06601,1.35609,-1.50917,1.03178,-1.45532,0
130,0,130,0,-11.64309,-1.57883,-3.66154,1.43986,-3.3181,1.45874,-3.60139,-0.03782,-2.40781,-1.56151,0
131,0,131,0,-17.36858,0.56272,-3.96189,-2.15715,-2.831,-2.21028,-1.89523,-0.85654,-2.53353,-1.4187,0
132,0,132,0,-14.1264,-2.44025,-2.99349,-4.57167,-0.63729,-2.0641,-0.3732,-4.18759,1.1062,-5.81633,0
133,0,133,0,-18.21584,0.24423,-4.02892,-2.21977,-1.91783,-0.78417,-1.80124,-1.34901,0.12218,-3.13086,0
134,0,134,0,-7.59049,-0.27797,0.06125,-3.69162,1.70227,1.23633,-3.68744,0.78787,0.32109,-1.42086,0
135,0,135,0,-14.40091,0.03088,-2.26173,0.18006,-2.71374,0.22255,-3.79589,1.59834,-2.50934,-1.17843,0
136,0,136,0,-5.57435,-5.52937,2.19353,-1.47565,3.35945,-6.50452,3.21077,-6.71246,4.16965,-5.37668,0
137,0,137,0,-13.31854,-3.2505,-0.78393,-3.50111,1.02647,-3.48792,1.48228,-4.97496,1.60476,-4.88044,0
138,0,138,1,6.55606,3.68849,7.17067,4.84165,3.52789,5.02733,4.26549,4.87496,4.50393,3.24326,1
139,0,139,0,-5.28479,-2.18985,3.91039,-2.90158,4.18805,-1.62034,3.26336,-2.65225,4.06592,-3.78195,0
140,0,140,0,-5.15527,-2.79702,4.02216,-3.42549,2.92237,-2.39336,1.77593,-4.67087,4.29556,-5.20592,0
141,0,141,0,-8.81433,-0.99384,2.58122,-5.57183,2.70837,-4.47623,1.27911,-3.29339,1.15411,-3.18251,0
142,0,142,0,-10.74747,1.57006,-3.71862,0.1066,-2.99947,0.01825,-4.21036,-0.55761,-5.25406,0.40665,0
143,0,143,0,-27.93503,-0.56129,-5.90477,0.86369,-4.91324,-0.33102,-1.87196,-1.69795,-3.86101,-0.57511,0
144,0,144,0,-10.92751,-0.30829,-1.83177,1.03317,-1.51842,-0.40207,-1.66732,-0.25563,-0.85243,0.17053,0
145,0,145,0,-11.23378,2.30434,-3.71212,1.00801,-2.0012,1.42814,1.0215,-2.1562,-1.73181,-1.5741,0
146,0,146,0,-11.55305,-6.76636,0.76234,-2.9039,-1.90476,-4.12071,5.5704,-4.3486,0.68233,-5.6238,0
147,0,147,0,-0.10475,-3.18984,5.84247,-2.94582,4.97544,-1.87306,6.92309,-2.37316,5.62386,-4.06436,0
148,0,148,1,1.98053,3.60668,2.38005,0.90985,3.78206,1.99594,4.26639,3.14857,5.15845,0.10622,1
149,0,149,0,9.04182,3.88186,8.86507,4.80443,8.47042,4.2896,9.13043,3.98279,8.30678,3.92566,1
150,0,150,1,3.67424,-2.65617,8.58193,-3.26732,7.3172,-4.50274,7.15447,-5.17145,6.09248,-1.99422,1
151,0,151,0,-3.58078,-2.05244,3.39515,-0.89344,4.83221,-2.29741,3.82193,2.01464,4.83047,-0.28197,1
152,0,152,0,6.22651,-6.30974,8.17006,-1.18295,5.32143,-3.65011,4.7834,-1.3481,5.71413,-2.87656,1
153,0,153,0,-6.77406,-0.21083,0.41727,0.45024,-0.1698,1.14556,0.73579,-2.12189,-0.49331,2.06973,0
154,0,154,0,-17.88855,1.03138,-4.15316,-0.27535,-2.61814,1.53558,-3.16581,0.779,-5.44382,-2.51143,0
155,0,155,0,-14.30411,-2.31783,-1.71428,0.99418,-3.20514,0.723,-3.69831,1.40781,-6.85181,-0.08406,0
156,0,156,0,-11.77429,0.66166,-0.95626,1.2808,-2.76217,0.84756,-0.69631,0.52927,-2.8776,0.28245,0
157,0,157,0,-18.05578,-2.04412,0.45627,-2.23558,0.23334,-2.5795,1.20639,-2.56689,-0.89443,-2.2297,0
158,0,158,0,-23.14262,-2.36462,0.85168,-4.19899,-0.29394,-3.04154,0.62943,-2.46323,-0.88487,-4.01092,0
159,0,159,0,-13.61956,-0.91875,0.75884,-2.33446,0.24403,-2.33384,-0.0845,-0.66073,-2.07052,-0.21041,0
160,0,160,0,-8.3027,-2.66686,2.97798,-3.77441,0.43255,-0.85461,-2.29759,0.5382,-4.32572,0.85887,0
161,0,161,0,-19.19701,0.95498,-4.73401,0.59553,-4.7466,0.78471,-4.92539,0.86962,-6.35061,-0.93636,0
162,0,162,0,-22.49127,-0.44737,-4.90471,2.83639,-6.23634,2.13338,-7.53441,1.43764,-7.78501,-0.57795,0
163,0,163,0,-17.35236,-0.17411,-4.69546,0.77488,-4.12986,1.60907,-3.65397,0.32911,-5.15516,-0.388,0
164,0,164,0,-18.52951,0.38171,-4.10644,0.46673,-4.38437,1.35277,-1.37616,-0.68699,-4.02604,-0.26188,0
165,0,165,0,-22.85149,-2.4911,-1.01682,-2.14386,-1.13567,-1.23255,-1.13074,-1.27884,-2.65253,0.85603,0
166,0,166,0,-14.30248,0.46262,-0.68719,-0.46852,-4.4993,0.33018,-2.13087,2.0236,-3.85499,3.12869,0
167,0,167,0,-19.62858,0.83289,-2.78505,-3.19656,-0.56163,-1.37998,2.14588,-2.4838,0.50986,-0.5598,0
168,0,168,0,-23.15418,-1.9975,-2.23922,-4.28537,-1.06751,-0.41001,-0.96186,-2.36172,-1.02266,-1.83153,0
169,0,169,0,-13.96179,-1.5803,1.09897,-1.06691,-0.54117,-3.41128,1.66411,-1.82762,0.465,-2.84695,0
170,0,170,0,-14.66573,-2.5612,0.75425,-1.83896,0.91167,-2.86209,1.8214,-1.8814,0.92363,-1.60003,0
171,0,171,0,-18.66747,2.34964,-5.95005,-1.87234,-0.14263,0.07649,0.16038,-1.4879,0.42404,-3.21302,0
172,0,172,0,-15.87116,0.70566,-3.50915,-3.54016,0.67743,-1.07322,0.44057,-2.68463,0.03319,-3.05823,0
173,0,173,0,-22.07779,0.24543,-4.22557,-2.86649,-0.0339,-1.85553,-1.03684,-1.72443,-0.97238,-3.10362,0
174,0,174,0,-15.8017,-2.54373,0.73024,-2.2171,1.47465,-3.64065,-1.63681,-3.20932,0.01835,-2.1753,0
175,0,175,0,-12.8772,-1.0282,-1.00257,-0.24321,-2.36698,-0.90998,0.29916,-0.46285,-0.18032,-0.0161,0
176,0,176,0,-19.32133,-0.12772,-3.35067,-0.75203,-2.03992,0.34817,-1.33927,-0.18615,-4.40595,-0.53195,0
177,0,177,0,-16.26791,-1.44757,0.37552,-4.20395,0.75536,-4.09382,-0.0428,-0.63183,-2.00197,-0.87938,0
178,0,178,0,-4.694,-2.80293,0.4693,-1.02643,-0.20869,0.43681,-1.31467,0.20092,-0.80477,-0.2187,0
179,0,179,0,-14.00261,0.80672,-6.64824,-0.16757,-5.1454,2.37317,-7.19433,2.13076,-7.74897,0.56329,0
180,0,180,0,-16.45805,0.84822,-2.09903,-0.40669,-2.95197,-0.01465,-2.47405,0.35231,-4.81356,-0.76504,0
181,0,181,0,-15.25185,-1.11653,0.80298,-2.40044,-0.63754,1.06028,-4.0725,2.05934,-6.26571,0.54453,0
182,0,182,0,-19.28455,0.80965,-5.0829,-1.8529,-0.55791,-1.1566,2.07787,-3.21831,1.30951,-2.32047,0
183,0,183,0,-14.20046,-2.31875,-0.35732,-2.21603,1.00398,-3.49005,0.96005,-3.88333,-0.71228,-0.9594,0
184,0,184,0,-11.40285,-2.02098,0.47584,-0.73297,1.30047,-2.24228,0.84217,-2.69446,1.10425,-3.06139,0
185,0,185,0,-12.78707,0.25102,-3.09329,1.43899,-0.87731,-0.44172,0.14958,-1.82596,0.82102,-2.89019,0
186,0,186,0,-17.21755,-1.82089,0.00483,-5.53966,-0.43322,-1.27328,-0.84014,-2.06016,-0.36588,-1.67015,0
187,0,187,0,-17.13795,-2.07422,0.71415,-3.86878,-0.2725,-1.68848,0.06463,-3.6198,0.31238,-2.45585,0
188,0,188,0,-13.69515,0.01936,-2.08795,-2.39921,-0.102,-0.50026,-0.77494,-2.94484,0.73346,-1.59525,0
189,0,189,0,-16.16871,-2.01651,0.80188,-4.66974,1.26809,-4.08453,1.03388,-4.96569,-0.63541,-0.45915,0
190,0,190,0,-13.97981,1.20176,1.84585,-5.23588,1.85628,-3.87826,-1.7974,-0.00472,0.22406,2.59308,0
191,0,191,0,-15.9387,-1.43015,0.45482,-5.11127,-0.11541,-1.9712,-0.59188,-1.91168,0.09164,-2.97226,0
192,0,192,0,-13.06811,-1.68865,0.60361,-3.39134,0.69399,-1.83844,-0.28382,-1.61394,-0.65359,-0.5215,0
193,0,193,0,-17.4156,-0.8031,-0.19783,-4.12948,-0.81204,-1.75917,-0.37535,-1.55262,0.28092,-0.43589,0
194,0,194,0,-13.41644,-1.10024,2.41507,-4.80561,0.9708,-2.50962,2.63989,-4.16776,1.17905,-3.15615,0
195,0,195,0,-16.06633,-1.26304,0.40749,-5.29274,1.86294,-4.43658,2.34852,-4.17705,0.48551,-3.72368,0
196,0,196,0,-16.18427,-1.28554,0.72632,-4.6978,0.15068,-3.97109,0.33568,-3.11439,0.37024,-1.81726,0
197,0,197,0,-12.27045,-0.06527,1.70812,-4.83341,1.24122,-1.74822,0.40389,0.4747,-2.26936,1.46777,0
198,0,198,0,-12.1299,-0.34491,1.74763,-5.26431,-0.00505,-2.09692,1.24178,-1.18228,0.54102,-2.14698,0
199,0,199,0,-16.71628,-4.09035,0.89696,-1.5406,-0.50113,-4.59912,1.39806,-4.31962,-2.30746,-2.037,0
200,0,200,0,-10.61136,-3.8908,3.20595,-3.30775,2.89635,-5.52156,2.58552,-4.40916,0.74663,-2.85361,0
201,0,201,0,-18.06825,-2.41295,1.1795,-2.48621,0.79221,-3.72126,0.98828,-3.34855,-0.21992,-3.04337,0
202,0,202,0,-14.88927,-1.38532,0.50019,0.64101,-2.22624,0.83548,-3.38093,0.10032,-0.36007,-2.75635,0
203,0,203,0,-3.61804,1.23463,1.55935,-0.20134,1.22491,-0.78601,-0.38158,2.4237,-4.63753,0.62554,0
204,0,204,0,-16.0155,-3.79925,-4.40532,0.68288,-4.90704,-0.95848,-4.18635,-2.12938,-4.9785,-2.35103,0
205,0,205,0,-16.76705,2.04645,-4.22722,0.68338,-2.66379,0.90322,-1.33294,-0.08734,-2.29186,1.55992,0
206,0,206,0,-17.69964,-1.09503,-2.6581,-1.88603,-0.65487,-2.81689,-0.54097,-2.35192,-0.25324,-2.27427,0
207,0,207,0,-12.804,-3.06545,0.54062,-3.39849,1.88978,-5.13238,1.64525,-4.37579,0.48416,-3.45047,0
208,0,208,0,-14.97339,0.55475,-2.92899,1.42348,-3.19511,1.93659,-3.4203,1.51689,-4.73601,1.06016,0
209,0,209,0,-16.75169,-1.80154,-0.98976,-0.19633,-3.0035,0.23671,-2.77873,0.21257,-4.79598,0.69258,0
210,0,210,0,-19.23759,0.19049,-3.06837,-0.06647,-2.41116,0.16281,-0.81344,-0.71121,-3.46103,-0.65345,0
211,0,211,0,-21.59848,0.93733,-7.18576,1.47238,-4.01138,-0.47877,-1.98135,0.58874,-4.94204,0.24421,0
212,0,212,0,-11.42301,-0.82211,-0.06777,-1.16972,1.14655,0.32742,0.0767,1.72197,-1.4481,0.89443,0
213,0,213,0,-14.97513,1.07274,-3.59494,0.69936,-3.53527,1.94411,-1.79281,0.11406,-3.30538,-0.66192,0
214,0,214,0,-17.40463,2.36104,-4.0093,0.58828,-2.93393,0.17411,-3.1625,-0.56455,-3.65118,0.37751,0
215,0,215,0,-15.95477,-1.15943,-1.02768,-3.07111,0.50413,-1.62676,-0.68475,-0.38547,-2.55103,0.5627,0
216,0,216,0,-17.10199,0.50468,-1.79373,-2.03545,-1.91872,-0.54954,0.67795,-0.13365,-2.46316,0.22985,0
217,0,217,0,-11.18665,-2.83559,-0.94565,1.20826,-2.16089,0.42717,-3.31983,-0.47498,-2.80332,0.43082,0
218,0,218,0,-19.36608,-2.03212,-1.76624,-2.12832,0.51574,-4.65441,-0.61684,-2.21249,-1.5452,-1.50267,0
219,0,219,0,-16.193,-2.81195,0.2686,-3.86999,-0.67284,-3.85815,-3.11248,0.04511,-3.03602,-0.88621,0
220,0,220,0,-12.47012,-2.11536,-1.21552,-2.23416,-3.01533,-1.52824,-3.61568,0.04855,-2.33053,0.15828,0
221,0,221,0,-9.8154,-1.16427,-0.53549,-0.45905,-1.81589,-0.33587,-2.6014,-0.07992,-2.49253,1.52113,0
222,0,222,0,-14.85112,-0.2246,0.99321,-4.1683,1.54987,-2.2042,-3.69736,1.3542,-0.71303,-1.1595,0
223,0,223,0,-17.94873,-1.26027,-1.08848,-2.559,-1.87122,1.01895,-5.97613,1.8857,-5.38439,0.16401,0
224,0,224,0,-18.55995,-0.74674,-4.21798,0.97289,-5.75011,1.06357,-6.12388,1.17338,-6.6523,0.72002,0
225,0,225,0,-13.8723,0.26459,-3.95211,1.31284,-3.97191,0.53253,-2.85216,-0.33323,-4.4755,-0.08062,0
226,0,226,0,-19.94658,1.94395,-6.38737,2.3944,-5.60919,2.63506,-6.59418,1.56958,-6.3869,0.17173,0
227,0,227,0,-21.3289,-0.34366,-5.81807,2.70825,-6.3307,2.60815,-6.15646,2.0743,-6.35473,0.84994,0
228,0,228,0,-24.28016,-0.75322,-3.66063,-1.77403,-1.54252,-2.547,-0.55538,-3.30851,-0.52449,-0.80455,0
229,0,229,0,-6.06658,0.54554,0.1694,0.26985,-0.78346,1.24966,-0.42331,0.58971,-1.38089,0.9503,0
230,0,230,0,-15.91752,-2.42976,-0.93007,0.16238,-1.75005,-1.41995,-0.176,-2.33504,-3.14605,-0.12957,0
231,0,231,0,-15.33154,-0.39299,-2.39267,0.76944,-2.36214,-0.85664,-2.36771,0.04464,-3.99652,-0.1789,0
232,0,232,0,-15.22487,1.41503,-7.18796,0.26067,-3.30697,1.61369,-4.40853,1.44737,-4.72957,0.96066,0
233,0,233,0,-16.70517,-0.72908,-0.84678,0.6871,-3.73127,0.39601,-1.42788,-1.16857,-2.25823,-1.60117,0
234,0,234,0,-11.01317,-3.47354,1.11093,-1.33106,1.63983,-3.45198,0.63786,-3.10372,1.5995,-1.90552,0
235,0,235,0,-15.07502,-1.91545,-0.18052,-0.53021,-1.53728,0.70055,-2.45722,-0.02412,0.04586,0.22897,0
236,0,236,0,-15.31659,-0.19334,-1.6236,-2.24323,-1.40494,0.01743,-1.32807,-1.17857,-2.25316,0.50116,0
237,0,237,0,-14.55499,-3.39798,-0.3294,-0.51667,-0.6005,-1.8648,-0.5965,-0.98539,-2.92455,1.15016,0
238,0,238,0,-18.01352,-1.89209,-0.85098,-0.17573,-1.6548,-0.92336,-0.26994,-1.4272,-1.30544,0.08751,0
239,0,239,0,-15.85057,2.21416,-4.05968,2.59282,-3.67088,1.56872,-3.71793,1.48802,-3.91281,0.35616,0
240,0,240,0,-14.12837,1.45798,-4.38969,1.42927,-5.41921,1.84235,-7.31385,1.46498,-6.46595,-3.1174,0
241,0,241,0,-18.24831,-2.09643,-3.3878,-1.96779,-3.23577,-2.88883,-3.31324,-2.69683,-3.74921,-2.63181,0
242,0,242,0,-18.78757,-1.58697,-1.75294,-0.93288,-1.04928,-1.86174,0.37702,-1.83435,-2.2833,-1.45162,0
243,0,243,0,-9.03636,-4.58794,-1.15209,0.29715,1.0907,-3.80402,0.50711,-3.02623,-3.14208,-1.34539,0
244,0,244,0,-22.53736,1.78813,-6.63056,1.20709,-5.00526,0.09358,-3.39281,0.04451,-2.98005,1.42694,0
245,0,245,0,-14.16443,0.14515,-3.34095,-0.90141,-0.78794,-1.60289,0.9638,-3.58538,0.99686,-2.84023,0
246,0,246,0,-17.52648,-0.90728,-1.97726,-1.51081,-0.4702,-0.81508,-2.32434,-0.94094,-1.31384,-1.87874,0
247,0,247,0,-13.30068,-5.75679,1.52766,-0.07146,-1.01848,-3.93556,0.96431,-5.01899,0.0519,-4.92533,0
248,0,248,0,-16.98642,-1.30862,-1.33736,0.99369,-2.45228,-1.66717,-0.25833,-0.65531,-1.34581,-0.31483,0
249,0,249,0,-18.00394,-0.19386,-1.72375,-3.20639,-1.55006,0.17368,-1.03674,-0.77571,0.08273,-1.50111,0
250,0,250,0,-21.83335,-1.77741,-0.94924,-3.97514,-1.44115,-1.69736,-0.33614,-3.84146,0.17275,-2.78021,0
251,0,251,0,-21.49965,-2.11413,-0.23453,-2.69182,-0.60546,-1.74241,-1.37075,-0.8667,-1.42204,-0.63924,0
252,0,252,0,-13.25234,-1.38679,0.57077,0.90394,-0.57295,-0.20391,-1.19948,1.12947,-3.4466,1.27802,0
253,0,253,0,-14.83414,-0.25899,-2.37969,2.07725,-3.47578,1.07815,-3.27453,0.43145,-4.74921,0.73434,0
254,0,254,0,-16.34215,0.54028,-0.99489,-0.93342,-0.16788,0.43836,-0.31154,0.57862,-2.89345,-0.28916,0
255,0,255,0,-23.06082,1.00417,-7.51316,0.60931,-5.50237,0.53798,-5.78521,-0.08004,-5.72033,-0.11103,0
256,0,256,0,-19.19212,1.91644,-6.972,1.18442,-6.02241,1.30757,-5.51167,1.74746,-4.35287,0.76712,0
257,0,257,0,-14.82194,-1.49565,1.65828,-4.35478,2.26648,-3.04907,0.20432,-2.14952,-0.33458,-2.35335,0
258,0,258,0,-14.15941,-0.31687,-3.57898,0.14927,-3.26096,0.35339,-0.23473,-1.37806,0.26207,-0.98709,0
259,0,259,0,-11.06005,0.95948,-1.77114,-0.33896,-0.15288,0.52947,0.01912,2.30257,-2.67488,1.03158,0
260,0,260,0,-15.22489,-2.40786,0.48664,-4.78358,1.6209,-1.73769,-1.76268,-2.86725,0.16833,-4.09497,0
261,0,261,0,-14.28273,-2.20644,-0.12813,-3.96927,-0.91508,-0.60684,-1.21668,-1.8651,0.82784,-4.75036,0
262,0,262,0,-14.45792,1.21247,-4.33683,0.45861,-5.34344,1.71437,-5.29707,0.64909,-4.95705,0.07629,0
263,0,263,0,-17.88406,-0.10277,-3.57288,-2.84109,-1.30226,-0.12052,-1.55582,-1.42902,-1.28082,-1.62821,0
264,0,264,0,-11.66784,-6.0943,2.47708,-4.98623,1.83565,-5.00786,1.35055,-5.10528,1.67013,-5.9864,0
265,0,265,0,-20.94229,-2.77117,-0.88331,-0.13595,-2.25917,-1.26431,-1.43828,-1.86239,-0.93284,-2.42567,0
266,0,266,0,-20.95419,-2.58894,-0.15259,0.71976,-4.54523,-0.92323,-2.64839,-0.80047,-4.35389,-0.65864,0
267,0,267,0,-15.85896,-0.7262,-0.37761,-3.00818,-0.45141,-1.55704,-1.7007,-1.38303,-2.53755,0.29652,0
268,0,268,0,-10.6406,-4.57156,3.56699,-4.72929,2.13966,-4.033,2.01922,-3.00945,-0.79376,-2.36533,0
269,0,269,0,-27.29421,2.70003,-6.47231,0.11213,-6.06169,1.51199,-6.71366,0.17898,-6.54086,0.50114,0
270,0,270,0,-18.71856,-0.08631,-1.91912,1.31171,-5.0077,0.82675,-0.82156,0.53249,-2.68751,0.52149,0
271,0,271,0,-19.67585,-1.82946,0.03609,-0.88157,0.2174,-2.5521,1.76762,-2.50121,-0.2379,-0.76919,0
272,0,272,0,-22.15423,-0.51946,-2.60092,-0.04066,-2.70059,-0.93502,-0.75926,-0.63028,-3.54573,0.079,0
273,0,273,0,-21.70801,1.61238,-7.78138,2.54157,-7.13681,2.60674,-6.28534,1.57495,-6.49056,0.41923,0
0,1,0,0,-12.27215,1.50766,-4.39128,2.37933,-5.46954,2.07769,-4.83324,-0.30047,-4.37582,1.08972,0
1,1,1,0,-14.86028,1.03273,-6.10466,0.58325,-4.6613,-0.23869,-1.01279,-0.73459,2.74378,-2.90425,0
2,1,2,0,-10.74902,-1.37606,-1.70699,2.7851,-3.11255,1.90852,0.25696,0.44628,-1.59826,0.66615,0
3,1,3,0,-13.05008,-2.14438,-1.9696,0.06946,-1.96154,0.15088,-2.79101,0.55192,-3.91437,-0.5351,0
4,1,4,0,-22.16471,1.65019,-5.75059,0.83184,-5.88589,1.50435,-7.25904,1.02836,-7.15817,0.7608,0
5,1,5,0,-19.75675,0.32969,-2.62209,-0.34577,-2.00088,-0.97891,-1.45439,-0.25332,-2.13119,-0.10167,0
6,1,6,0,-19.83849,2.36063,-6.93068,1.26491,-3.59932,2.56616,-4.56161,2.01961,-1.63565,-0.57579,0
7,1,7,0,-12.16226,0.88046,-1.71012,-1.40533,-0.89572,0.06379,-3.71841,1.71875,-5.64218,0.19309,0
8,1,8,0,-10.10353,-1.02478,-3.07175,0.84811,-2.22175,4.27188,-6.2222,2.78536,-5.60258,-2.88308,0
9,1,9,0,-17.3698,3.73492,-5.04212,-0.21922,-4.23779,2.65738,-4.70999,-1.46173,1.81792,-0.6409,0
10,1,10,0,-8.8903,-1.89954,2.17108,-3.52255,0.83528,1.84718,-1.94788,-3.1507,3.18644,-2.28419,0
11,1,11,1,5.21132,4.56507,4.85939,3.1235,5.97593,4.38951,5.75169,4.15916,5.64065,4.05953,1
12,1,12,0,-2.15455,-0.10486,2.6638,-1.77545,5.52949,-1.82346,4.41758,-0.8134,3.32891,0.28067,1
13,1,13,0,-5.33745,4.58176,-7.2408,3.78639,-2.03067,1.37127,-3.70257,-1.33649,5.5962,-0.48194,0
14,1,14,0,-5.93763,-2.26162,2.73317,-1.41276,1.94324,0.55635,1.39728,-1.43156,1.47666,0.50527,0
15,1,15,0,-7.03025,-4.02154,0.28632,-0.29002,-1.10577,-0.06628,-2.41959,-0.96234,0.04187,0.35612,0
16,1,16,0,-6.34095,-4.62625,3.14574,-1.88118,2.80952,-2.83554,2.10949,-2.82358,-0.50593,1.24043,0
17,1,17,0,-9.45739,-4.93198,4.09939,-4.75452,3.79493,-6.45145,-0.35233,-4.63533,0.7146,-2.98529,0
18,1,18,0,-6.46173,-3.48022,5.92123,-5.64948,3.90622,-3.31331,1.26695,-2.72776,2.11009,-0.68907,0
19,1,19,1,-6.34564,2.21513,0.53155,3.70673,1.22111,4.25275,0.37487,0.99366,0.1669,4.43386,1
20,1,20,0,-9.33863,-3.69594,5.3913,-3.04635,5.19413,-1.54966,6.01893,-3.18332,6.03562,-1.85323,0
21,1,21,0,-11.4247,-0.74735,-4.58757,-2.54824,-1.09891,-3.01392,1.126,-4.82635,1.81646,-3.31355,0
22,1,22,0,-4.06591,-2.03241,3.95169,-0.10278,-1.36784,-0.75137,-0.96371,0.05536,-2.3649,1.01315,0
23,1,23,0,-9.13603,-1.32911,0.00643,0.76876,-3.9139,-0.49937,-1.40859,-0.20448,-1.45829,0.66368,0
24,1,24,0,-16.30655,0.85692,-3.41121,-1.03366,-2.87822,0.92077,-3.91178,-1.10874,-4.37619,2.60665,0
25,1,25,0,-16.71856,1.55466,-1.976,-0.98058,-2.21178,2.45947,-2.64911,-1.26269,-1.68898,1.92651,0
26,1,26,0,-17.95617,3.1662,-4.09525,1.67117,-3.11845,1.66227,-2.55686,0.12571,-2.38153,1.86995,0
27,1,27,0,-19.60903,0.19762,-2.93802,0.89419,-3.37035,1.35841,-4.33893,0.03205,-5.33131,0.93355,0
28,1,28,0,-16.95956,-0.71568,-3.18973,0.27338,-2.10448,2.52382,-4.15106,0.22358,-4.42047,1.08974,0
29,1,29,0,-17.26199,-0.9189,-4.26003,-1.27908,-1.72004,-2.31847,-0.78016,-3.34837,-0.51453,-3.79244,0
30,1,30,0,-7.9362,-1.02808,-2.52373,-2.03228,3.3085,-3.51029,0.88599,-4.16931,3.68799,-3.33327,0
31,1,31,1,2.22535,1.93724,5.52453,-3.26202,6.88796,0.56677,4.71922,0.56916,4.68412,1.07724,1
32,1,32,1,-4.02907,-1.96772,5.1444,-1.44305,6.87891,-2.99461,7.23083,-2.30084,5.29859,-1.27706,1
33,1,33,1,7.30588,7.06647,8.0022,5.75602,7.02005,4.2035,9.45198,5.8806,8.20781,6.00843,1
34,1,34,0,-4.51168,-4.79509,8.43122,-2.88222,7.4103,-2.43898,8.74368,-3.68067,5.86611,-3.10425,1
35,1,35,0,-6.45416,-1.32088,3.96085,-3.72581,5.27199,-4.23596,5.72461,-2.17959,2.42276,-4.6465,0
36,1,36,0,-3.70543,-4.25453,4.76557,-2.39756,2.8074,0.17885,-2.33014,-0.01612,-2.57224,2.43138,0
37,1,37,0,-8.8982,-4.8132,2.93193,-0.22297,0.39233,0.32296,0.08551,0.06809,-0.37882,0.15286,0
38,1,38,0,-15.54257,-0.55283,-3.51976,0.58306,-5.26593,2.60067,-7.26198,2.13861,-5.80013,0.70656,0
39,1,39,0,-17.32339,-2.38767,-3.45857,2.18516,-5.83156,2.17828,-6.61674,0.35861,-6.32405,0.20791,0
40,1,40,0,-12.54067,-1.07172,0.22245,0.50061,-1.22601,2.02994,-0.90115,0.28842,-3.7849,2.05889,0
41,1,41,0,-21.45316,0.27444,-4.76575,2.05556,-5.03254,1.64683,-4.69473,-0.41503,-5.34718,1.01712,0
42,1,42,0,-19.88961,-0.34028,-4.59302,0.9334,-5.33465,2.01587,-6.95873,-0.64407,-6.18247,-0.47111,0
43,1,43,0,-24.53595,-0.71146,-6.28479,-0.24715,-5.79876,0.61588,-5.41424,-1.55776,-3.81377,-1.97132,0
44,1,44,0,-14.27117,-0.57309,-2.19464,-0.40965,-2.68828,0.83088,-5.62992,-0.39982,-3.98668,0.32656,0
45,1,45,0,-15.91152,-1.96225,1.22401,-1.59656,-0.58047,1.07356,-3.02338,-0.5163,-4.61136,-0.12159,0
46,1,46,0,-19.38883,-0.44432,-5.01696,2.60157,-5.62035,-0.39882,-2.44134,-4.19536,-0.87981,-1.60696,0
47,1,47,0,-7.59458,-0.87876,-0.81958,3.60842,-2.59545,0.9972,-2.74305,-0.11836,-1.75048,0.88066,0
48,1,48,0,-6.78114,-2.21775,-1.0741,0.87288,-2.40726,1.71846,-4.62709,1.83944,-4.12642,0.7444,0
49,1,49,0,-7.25675,0.94504,-0.46576,1.65234,-1.35595,0.89348,0.62764,1.01355,-2.3418,0.29587,0
50,1,50,1,-1.92972,4.35534,2.26397,5.56053,1.13603,1.32959,4.93836,2.00024,3.16036,3.71644,1
51,1,51,0,-13.09116,1.48593,-6.67303,2.13887,-5.3695,1.10316,-5.40897,-1.24241,-3.02766,0.19836,0
52,1,52,0,-14.64717,0.617,-1.78778,0.02798,-3.83175,2.02603,-4.44171,1.98958,-4.99048,-0.1019,0
53,1,53,0,-13.77506,-1.68352,3.06552,-1.67471,-3.07498,0.10078,-1.37546,-0.34196,-4.18449,-1.03588,0
54,1,54,1,-1.80964,2.13345,3.97108,3.56879,2.43669,1.89113,3.44218,1.2338,4.86873,1.90006,1
55,1,55,0,-10.07584,-2.04198,1.59084,-0.51625,2.03416,2.29607,2.89131,-1.18995,3.51176,0.51796,0
56,1,56,0,-9.69796,-3.83588,-1.44361,1.78816,-3.48181,0.99687,-6.75666,-0.67746,-3.71844,1.14611,0
57,1,57,0,-19.97354,0.62583,-0.53652,1.9274,-4.58559,1.15324,-3.49551,0.07948,-3.75689,0.9615,0
58,1,58,0,-10.49477,0.38742,-3.12016,2.13279,0.33563,-0.21154,-0.63682,-1.88416,1.25383,-0.4926,0
59,1,59,0,-19.02644,1.47931,-4.54866,0.67199,-5.50041,0.79645,-6.33299,1.49775,-5.47541,0.7064,0
60,1,60,0,-13.56962,0.0909,2.08063,-2.85468,0.97729,3.16774,-4.7989,1.82169,-3.66705,1.15918,0
61,1,61,0,-20.02597,0.69604,-2.29256,-0.90545,-0.58859,-1.59587,1.13107,-2.48297,1.69313,-1.34518,0
62,1,62,0,-6.47831,-2.84502,2.95409,-2.78462,4.09002,-3.96014,5.33098,-4.49422,3.89299,-6.05189,0
63,1,63,1,0.64733,0.49976,4.89904,-0.11218,0.85579,5.36787,-0.6967,2.80908,-0.30792,0.58552,1
64,1,64,0,-3.45965,-0.75951,3.17893,-4.76647,3.98731,-4.87674,5.50997,-4.12647,5.9013,-4.24532,0
65,1,65,0,0.00757,-8.09265,5.92874,-4.18053,4.63188,-6.54173,4.90352,-6.62159,5.69712,-6.11877,0
66,1,66,0,-8.60147,1.04619,1.24832,-3.00339,2.81014,-1.122,1.85829,-1.79425,2.16638,-2.83808,0
67,1,67,0,-14.35522,-1.19578,-0.59162,-3.30309,1.36844,-4.77994,2.54999,-5.31253,4.78069,-5.45135,0
68,1,68,0,-17.12383,1.65847,-4.65411,-2.48259,-1.74506,-0.00577,-3.21448,-2.36599,-2.87781,-2.22722,0
69,1,69,0,-16.78975,-1.76841,-2.35135,-0.0658,-3.54216,-0.38039,-1.57499,-2.0024,-1.68239,0.2423,0
70,1,70,0,-18.44986,0.85965,-4.26125,0.05478,-4.16,0.49841,-3.23009,0.5725,-2.58527,1.28379,0
71,1,71,0,-18.18887,-0.97699,-1.52709,-0.97405,-0.59571,-0.31659,-0.35271,0.52415,-3.97958,0.72989,0
72,1,72,0,-16.82884,-0.07092,-2.72164,1.16683,-3.63063,1.30247,-3.36765,0.40348,-4.28584,0.84366,0
73,1,73,0,-14.60776,-0.15784,-4.26268,1.71667,-4.32373,1.71764,-4.32124,0.52982,-5.26841,1.30317,0
74,1,74,0,-15.31229,2.40008,-1.17985,-1.00177,-2.57077,1.65485,-1.28712,1.098,-4.82018,1.88308,0
75,1,75,0,-25.50923,1.28431,-4.25288,-1.818,-3.73324,-0.3912,-1.70857,-0.60086,-5.60692,0.10915,0
76,1,76,0,-9.07262,-0.19373,-0.27031,1.20642,-0.35643,0.7397,4.12218,-0.18766,-3.68041,0.83381,0
77,1,77,1,8.16351,5.39886,7.61704,4.38316,6.0944,4.70007,6.52906,5.37927,5.87646,3.31322,1
78,1,78,0,-2.80231,-3.2797,6.21392,-2.8249,5.84862,-3.39229,5.48422,-2.85311,3.76117,-2.73054,0
79,1,79,1,0.22261,0.64197,6.66842,2.64804,6.18323,0.06397,9.50611,2.97374,7.66322,2.37008,1
80,1,80,1,8.45589,4.67774,7.47012,7.32808,5.31037,4.89031,8.16154,5.31327,8.04719,5.81479,1
81,1,81,1,8.15914,7.01122,4.83161,7.6527,4.69057,6.31707,7.26968,3.61369,7.77378,5.3962,1
82,1,82,1,5.10984,3.42165,6.74279,2.63183,7.8444,4.66265,7.49218,5.14013,5.65923,5.25752,1
83,1,83,1,6.98664,4.5259,7.74266,5.59805,5.09484,5.4867,6.21748,5.55884,5.33299,4.29244,1
84,1,84,0,5.70071,6.9649,4.57339,5.44887,3.15145,6.92057,2.58389,3.97698,3.83102,5.60139,1
85,1,85,1,5.95087,4.21872,6.39296,5.46577,3.63544,5.10944,4.06982,4.18077,5.74135,4.81966,1
86,1,86,0,-8.54124,5.15576,-4.03832,4.60075,-3.52437,-1.8995,2.77125,0.70769,0.60216,4.75865,0
87,1,87,0,-13.18039,1.86969,-3.75637,2.03837,-2.23837,1.14602,-2.73707,-1.42747,2.9475,-2.04044,0
88,1,88,0,-9.72563,2.22566,-5.2263,-0.35948,-1.5854,3.83774,-4.27109,4.52163,-2.2114,-2.67368,0
89,1,89,0,-12.76657,-2.72676,2.19183,-4.71072,-0.55512,-0.11866,-0.94679,-2.31852,3.76844,-3.12526,0
90,1,90,0,-7.73173,-0.21649,4.57773,-4.87296,3.35887,-2.93466,4.2586,-3.6468,3.48861,-2.78473,0
91,1,91,0,-17.85793,-1.9791,-0.0913,-1.55086,0.30709,-0.90902,-0.02435,-1.49771,-1.65245,-1.70686,0
92,1,92,0,-19.07104,-0.63015,-2.04183,-2.84834,-1.62753,-0.16167,-2.46903,-0.7732,-2.34958,-0.64914,0
93,1,93,0,-9.04763,-2.54932,2.2535,-1.48238,-0.08541,0.02328,-0.20573,1.518,-3.44837,2.20025,0
94,1,94,0,-18.96381,-2.06593,-0.31316,-1.7556,-0.8296,-2.89418,-1.1032,-2.362,-0.09049,0.15793,0
95,1,95,0,-20.71745,-0.93276,-1.71114,-0.49929,-2.22865,-0.58453,-1.16899,-0.73652,-2.01746,0.84311,0
96,1,96,0,-17.49653,0.88215,-1.95044,-0.33026,-1.14382,-0.59378,-0.47598,0.48308,-1.36607,1.14047,0
97,1,97,0,-13.95557,-1.53636,-0.78874,-0.61313,-0.23981,-1.768,-1.34437,-0.83374,-1.74747,-0.66107,0
98,1,98,0,-16.94114,-1.56281,0.74793,-1.8016,-0.27142,-1.21057,-1.26758,-1.76104,-2.56132,0.5455,0
99,1,99,0,-24.2589,-0.82523,-3.29123,-2.42507,-2.36052,-2.21238,-1.80891,-0.60442,-5.11949,-1.39575,0
100,1,100,0,-23.97676,0.28942,-5.43836,-0.17946,-3.87248,1.11691,-4.28247,0.8954,-6.16802,-0.66644,0
101,1,101,0,-25.07681,1.11683,-6.566,1.09036,-6.83909,1.64256,-6.7308,1.36941,-7.46296,0.33974,0
102,1,102,0,-24.70792,2.47193,-6.98047,-1.62646,-4.36346,-0.3715,-2.66021,-1.18142,-3.54423,-1.12037,0
103,1,103,0,-19.77915,-1.89865,-0.06271,-5.68811,0.33494,-4.14397,1.35903,-3.30224,-0.99377,-2.692,0
104,1,104,0,-11.70571,-0.28467,-0.22125,-3.43361,-1.0088,-1.11569,-2.98292,-1.18092,-2.80478,-0.20601,0
105,1,105,0,-15.48566,0.70406,-1.46995,-2.03309,-1.54779,-1.23316,-0.99878,-1.48644,-3.18612,0.28775,0
106,1,106,0,-10.92659,-1.56105,1.15978,-2.78466,1.75719,-2.75735,-0.08742,-1.8253,-0.29874,1.05172,0
107,1,107,0,-9.93505,-0.523,0.30355,0.62902,0.44285,-1.13253,1.25759,-1.70046,-0.64095,-0.29842,0
108,1,108,0,-16.93425,-0.69723,-1.63367,0.46557,-2.35645,-0.8861,-2.43175,-2.64531,-1.98775,-2.49652,0
109,1,109,0,-22.60787,-0.10424,-4.07742,-2.84991,-1.21934,-1.47498,-1.59817,-2.26471,-3.03232,-1.79636,0
110,1,110,0,-17.52775,-0.20064,-0.49408,-1.51997,-1.41896,-0.70927,0.06835,-0.29877,-2.49928,0.42457,0
111,1,111,0,-15.73898,-3.2186,0.60328,-4.27191,0.22827,-3.22906,0.7902,-3.959,-0.09739,-3.99527,0
112,1,112,0,-7.58921,-4.80621,2.13311,-2.83584,2.10782,-5.02492,3.03416,-4.53197,2.77783,-6.46168,0
113,1,113,0,-17.25013,1.03707,-1.27414,-3.30847,-0.61429,-2.64473,1.35988,-1.3158,-2.0871,-0.5518,0
114,1,114,0,-16.9242,-1.13148,-2.08255,-1.97607,-0.50653,-3.90192,0.39503,-3.07108,0.27952,-2.84069,0
115,1,115,0,-10.90693,-4.65774,1.91126,-0.73366,0.86426,-5.31307,2.13454,-5.28311,1.55064,-5.05502,0
116,1,116,0,-11.18886,-1.4014,1.22041,-0.49192,-0.03123,-0.2512,-1.19479,0.35766,-2.34564,0.18213,0
117,1,117,0,-23.05621,1.43732,-6.58985,-3.02018,-4.42978,-0.99545,-3.22105,-0.98732,-2.12067,-2.78868,0
118,1,118,0,-13.53627,-2.67961,1.01957,-0.64424,0.19381,-1.34945,-0.20059,-1.63084,-0.0985,-1.6333,0
119,1,119,0,-10.28477,-3.29696,2.20426,0.52888,0.47505,-3.9403,1.3036,-1.98264,1.55558,-2.42715,0
120,1,120,0,-13.70265,0.63796,-1.006,-1.18896,-0.28443,0.0737,-2.27806,0.25046,-3.23872,-0.35256,0
121,1,121,0,-20.58073,-0.30595,-4.12955,0.15509,-4.32085,-0.02324,-3.00851,-0.95887,-0.65243,-2.24931,0
122,1,122,0,-12.60795,-5.0088,1.37212,-2.16525,-0.52114,-3.48222,0.38516,-1.96277,1.2829,-1.9266,0
123,1,123,0,-13.29798,-4.34098,0.84696,0.03208,1.19089,-5.59462,-1.9144,-1.28342,2.0925,-2.63959,0
124,1,124,0,-11.46289,1.48363,-6.0692,0.14318,-3.04841,0.5577,-2.04047,0.88401,-2.6422,0.5738,0
125,1,125,0,-10.19647,-5.14327,1.89651,-0.03187,-4.19987,1.09961,-3.52205,0.34242,-5.26752,1.04651,0
126,1,126,0,-19.50199,-0.02067,-5.46635,1.18135,-5.37275,0.81906,-6.42209,0.7367,-6.3232,0.15268,0
127,1,127,0,-6.78084,-1.1554,1.62298,1.60922,-0.72046,0.42185,-0.67943,-1.01913,0.80013,-0.57212,0
128,1,128,0,-12.71485,-4.53479,0.24193,2.56804,-5.87517,4.11792,-5.89577,0.59289,-5.05704,-4.02312,0
129,1,129,0,-13.30394,-2.77475,-1.75205,2.60185,-5.50657,1.72696,-4.94191,0.89617,-5.36621,-0.42664,0
130,1,130,0,-12.55883,-1.48534,3.05779,-2.09141,1.60417,-2.37458,1.94864,-1.41368,0.03997,-0.21049,0
131,1,131,0,-11.23378,-2.34391,-1.32021,1.68383,-2.01535,1.16942,-2.28638,-0.39095,-1.77562,-2.54831,0
132,1,132,0,-17.23269,0.60401,-4.17129,-1.67016,-3.48417,-1.82188,-1.96784,-0.42594,-3.35992,-0.75803,0
133,1,133,0,-15.30214,-2.2306,-2.6989,-2.8589,-1.36398,-1.32464,-0.45171,-3.85875,0.69691,-5.42362,0
134,1,134,0,-18.29051,0.09647,-4.0712,-2.22415,-1.85839,-1.21882,-2.23099,-2.52146,0.36753,-3.20081,0
135,1,135,0,-9.32465,-0.47324,0.1897,-3.11114,1.41276,1.48031,-4.24039,-0.05849,0.18198,-1.87382,0
136,1,136,0,-15.45044,-0.17,-2.75622,0.47619,-2.41347,0.78549,-4.3571,1.39984,-3.26826,-0.65592,0
137,1,137,0,0.77581,-6.56477,5.13199,-0.96953,5.32339,-6.18969,4.92906,-6.01313,5.08126,-4.82448,0
138,1,138,0,-12.39404,-1.40446,-1.11625,-0.73468,-0.31837,-1.82221,-0.10658,-2.23753,1.34107,-4.2612,0
139,1,139,1,5.29452,3.08716,7.34847,3.63584,4.04204,5.25412,3.82647,4.79591,5.17928,2.62536,1
140,1,140,0,-5.78308,-0.39054,2.66487,-1.10131,2.91745,-0.0928,3.10608,-1.79023,2.03204,-3.00206,0
141,1,141,0,-5.07111,-4.35315,4.44662,-4.0747,3.19722,-3.74942,1.91088,-4.88325,4.62191,-6.62622,0
142,1,142,0,-8.23325,-0.80245,3.47829,-5.38585,3.25317,-4.42143,2.19067,-2.94013,1.88008,-2.57009,0
143,1,143,0,-9.27325,-0.44641,-0.82774,-0.50879,0.11116,-1.40278,-1.80033,-1.30728,-2.77595,-0.31533,0
144,1,144,0,-29.98664,-0.45081,-6.20398,0.88328,-5.46459,0.21816,-2.85486,-1.36793,-4.7831,-0.3312,0
145,1,145,0,-13.47194,0.27619,-3.59567,0.7546,-2.33126,-0.43872,-1.33066,-0.65793,-0.64823,0.35725,0
146,1,146,0,-13.73291,2.09972,-4.8803,1.59816,-2.98082,1.52564,0.72079,-2.6654,-1.04598,-1.40653,0
147,1,147,0,-12.19205,-6.79773,2.33439,-3.68975,-0.7068,-3.97057,5.71421,-4.88585,1.0693,-5.23838,0
148,1,148,0,-0.20144,-3.3234,5.85562,-2.21985,4.76226,-1.7402,6.96348,-2.58665,5.89151,-3.6271,1
149,1,149,1,0.44793,3.93822,1.32311,0.32074,3.59198,1.98989,3.45463,2.75744,4.96618,0.37752,1
150,1,150,1,7.81775,2.35339,8.7631,3.43833,7.59122,3.12463,7.79332,3.78216,6.82852,4.57147,1
151,1,151,0,2.3366,2.04141,3.84741,4.42955,3.69779,0.58305,4.85552,-1.79802,4.32987,2.22593,1
152,1,152,0,-5.91646,-1.78154,7.819,-5.46561,6.95472,-4.02558,6.42635,-2.2994,4.97479,-2.10946,0
153,1,153,0,-2.16594,-2.24641,3.37927,-2.29135,4.67955,-1.78347,2.36531,-0.41598,5.23341,-2.17523,0
154,1,154,0,-5.87066,-4.42689,4.37242,-2.47207,1.89238,-3.09645,2.6358,-5.32474,3.91373,-3.53123,0
155,1,155,0,6.04405,-3.09915,4.94605,-0.11192,1.17683,2.40395,-0.00595,1.9061,-2.89138,2.09065,1
156,1,156,0,-9.72764,1.56207,-4.00152,3.95915,-5.12472,3.49745,-3.30368,0.93543,-5.0232,0.32909,0
157,1,157,0,-11.00484,0.86659,-3.73106,1.32046,-1.88028,1.18731,-0.03694,0.69562,-4.17391,-1.59041,0
158,1,158,0,-16.44652,-0.61942,-3.35226,0.94179,-4.68097,1.25981,-3.7235,0.79701,-6.4433,0.16566,0
159,1,159,0,-13.8414,-0.06142,-1.14543,-1.79913,0.0544,-1.19571,0.97378,-1.89476,-2.03707,-0.65109,0
160,1,160,0,-17.32988,-1.35454,-1.6034,-1.92917,-0.13105,-2.35937,0.1361,-1.18373,-1.92082,-1.40853,0
161,1,161,0,-22.47642,-2.33986,-0.15265,-3.91942,-0.01097,-3.26994,0.52301,-2.17854,-1.40044,-3.01167,0
162,1,162,0,-11.98748,-2.1243,1.46913,-1.79489,1.28805,-2.91967,0.78511,-1.67704,-1.26996,-0.28636,0
163,1,163,0,-12.18611,-2.41301,1.93538,-3.51129,0.04599,-2.3994,-1.2909,-0.11409,-3.10362,-0.0112,0
164,1,164,0,-17.12317,1.29623,-4.20705,0.39657,-4.16929,0.99161,-4.20529,1.43402,-6.38148,-0.63349,0
165,1,165,0,-21.1781,-0.36723,-4.20768,2.25225,-5.86992,1.68528,-6.61489,1.44852,-7.2792,-0.21303,0
166,1,166,0,-19.76361,-0.32846,-4.86227,0.60228,-4.39716,1.17988,-3.68575,0.04647,-4.93605,-0.72011,0
167,1,167,0,-18.7711,-0.6478,-3.20057,0.63941,-4.34608,1.13275,-1.59197,-0.64085,-3.99234,-0.43964,0
168,1,168,0,-21.49992,-1.18146,-2.36731,-0.96251,-2.58537,-0.3988,-2.02206,-0.38125,-4.13814,1.57076,0
169,1,169,0,-16.16805,-0.44635,0.26535,-1.36129,-3.33116,-0.52067,-1.38056,0.86397,-3.3328,2.3573,0
170,1,170,0,-15.51099,0.8521,-2.80156,-4.56256,0.55592,-2.07811,2.07018,-3.26958,0.55586,-1.35268,0
171,1,171,0,-21.0446,-1.82756,0.83077,-5.08683,1.05498,-1.54423,0.94814,-2.21036,0.08645,-1.91513,0
172,1,172,0,-13.54176,-2.0253,0.90948,-0.57385,-0.51175,-3.86152,1.67503,-2.04823,0.66231,-3.21338,0
173,1,173,0,-15.64652,-2.0909,0.05227,-1.60941,-0.07906,-2.66444,1.07421,-1.79854,0.55483,-1.23323,0
174,1,174,0,-19.0206,2.00748,-5.31957,-1.70542,0.03318,-0.11719,-0.31119,-1.30705,0.0547,-3.35221,0
175,1,175,0,-15.76418,0.69777,-3.21722,-2.92641,0.65615,-0.88341,0.61634,-2.49279,-0.50613,-2.27474,0
176,1,176,0,-20.56116,0.03559,-3.73256,-1.84967,-0.0066,-1.45992,-0.82009,-1.51375,-0.89676,-2.71886,0
177,1,177,0,-14.28566,-2.46742,0.98655,-2.85668,1.85457,-4.48222,-2.01826,-3.22697,0.40502,-2.00893,0
178,1,178,0,-10.92258,-1.51508,-0.28539,0.24792,-1.50613,-0.54488,0.14401,-0.00248,0.09151,0.49534,0
179,1,179,0,-17.8134,0.0677,-2.89447,-0.86002,-1.59557,-0.32401,-0.43838,-0.46941,-4.5307,0.0164,0
180,1,180,0,-16.64893,-2.35775,0.62029,-4.75883,1.43454,-4.63575,1.33852,-1.15348,-2.42186,-1.49357,0
181,1,181,0,-5.31762,-1.94248,0.83832,-1.56397,0.0726,0.85728,-0.81588,0.94821,-0.65075,0.16437,0
182,1,182,0,-15.16558,1.21195,-6.9124,0.99465,-4.74024,0.92422,-6.47625,1.25711,-6.06332,-0.99276,0
183,1,183,0,-13.21577,0.46299,-2.73681,-0.60292,-3.65262,1.47736,-4.95571,1.65696,-5.6873,-1.99526,0
184,1,184,0,-20.22553,-1.1381,-1.05244,-1.22759,-2.09741,-1.03267,-2.28177,0.2093,-5.0802,-0.40973,0
185,1,185,0,-20.86157,1.80229,-6.34923,-0.64376,-1.70049,-0.13577,2.1344,-1.44474,0.48713,-1.16866,0
186,1,186,0,-13.05089,-2.4485,-0.65016,-1.6796,0.81654,-3.06531,0.80762,-3.30205,-1.15784,-1.12748,0
187,1,187,0,-12.0358,-2.4993,0.80995,-0.81333,1.88525,-2.73611,1.56939,-2.97909,1.43456,-2.83535,0
188,1,188,0,-13.38004,-1.14839,-1.79145,1.32982,-0.67886,-0.59893,-0.17957,-1.85474,0.58225,-2.48731,0
189,1,189,0,-18.74868,-2.20077,-0.32777,-5.22053,-1.03051,-2.01892,-0.59667,-3.03331,-0.21784,-2.05876,0
190,1,190,0,-16.27988,-1.95191,0.81421,-3.3908,0.28986,-2.22336,0.50175,-3.4303,0.09739,-1.99148,0
191,1,191,0,-9.70157,0.7924,-2.2058,-1.43994,0.13231,1.22549,-0.56507,-1.30687,0.07283,0.10317,0
192,1,192,0,-17.27779,-2.09226,0.76276,-4.91808,1.33862,-4.10978,0.53301,-5.48018,-1.09919,-0.5705,0
193,1,193,0,-10.74511,1.13168,0.70153,-4.53594,2.18684,-3.85592,-1.23331,-0.01304,0.15031,1.86725,0
194,1,194,0,-15.35523,-1.92136,0.70968,-4.79216,0.20471,-2.92752,-0.19326,-2.25916,0.33858,-2.6344,0
195,1,195,0,-13.2461,-1.79314,0.00743,-2.52432,0.66137,-2.27606,-0.09144,-2.03419,-0.5773,-1.19051,0
196,1,196,0,-17.6795,-0.96364,0.63786,-4.76266,0.59156,-2.32286,0.60709,-1.90021,0.78829,-0.79604,0
197,1,197,0,-14.5775,-1.44259,2.16375,-4.86448,0.90445,-2.7348,3.01528,-4.08113,0.89845,-3.06279,0
198,1,198,0,-15.62259,-0.46778,0.67056,-5.68955,2.24412,-4.17755,2.05405,-4.05599,1.11152,-3.80505,0
199,1,199,0,-14.42333,-1.5426,1.28188,-4.79045,0.70642,-3.85577,0.71314,-3.38282,0.48114,-1.7838,0
200,1,200,0,-12.1492,-0.55375,1.93572,-4.82087,1.94625,-2.37347,1.13927,0.40724,-1.41685,1.30602,0
201,1,201,0,-13.22625,-0.93892,1.55688,-4.82646,0.22643,-2.54037,0.9116,-0.80308,0.15573,-1.59284,0
202,1,202,0,-15.38984,-2.78588,0.70364,-0.61193,-0.55136,-3.47133,1.08332,-3.25217,-2.34236,-0.71635,0
203,1,203,0,-8.38164,-3.09359,2.55262,-1.71166,2.83706,-4.58127,2.50893,-3.67705,1.16289,-2.02969,0
204,1,204,0,-15.92743,-2.65018,1.98223,-2.48318,1.49978,-3.78851,1.64485,-3.18768,-0.68744,-2.2678,0
205,1,205,0,-15.81429,-1.22732,-0.57714,0.89437,-2.50183,0.73581,-3.09369,-0.18807,-0.64649,-2.33069,0
206,1,206,0,-2.1333,-1.01517,2.3595,0.14298,1.62526,-1.26695,-0.32074,1.92426,-4.00176,0.38189,0
207,1,207,0,-15.48292,-2.6115,-4.14529,0.74686,-4.03271,-0.87901,-3.46946,-1.72048,-4.40467,-2.70039,0
208,1,208,0,-16.90101,0.41096,-3.45769,-0.61765,-1.58816,-1.03112,-0.09807,-1.05151,-1.67698,0.61742,0
209,1,209,0,-18.54224,-1.22897,-2.71722,-2.13759,-1.07363,-2.70592,0.03294,-2.34269,-0.69395,-2.4903,0
210,1,210,0,-12.63117,-3.14191,0.30092,-3.12713,1.52152,-4.43168,0.77118,-3.82576,0.71298,-3.20599,0
211,1,211,0,-12.37174,0.27729,-1.64191,2.14458,-2.92731,1.58242,-2.44823,1.59961,-4.1917,1.89577,0
212,1,212,0,-13.28888,-2.73222,0.25323,-0.90329,-1.5945,-0.41488,-1.74199,0.10743,-4.7154,1.08806,0
213,1,213,0,-17.56346,-0.90452,-1.3473,-0.55935,-0.62013,-0.26791,0.35896,-0.84081,-2.48503,-0.47471,0
214,1,214,0,-21.71868,1.14245,-7.59481,2.08798,-4.7146,-0.03502,-3.16417,0.70222,-5.88381,0.17514,0
215,1,215,0,-12.47397,-1.29812,0.00569,-1.09856,0.89611,-0.60732,0.28018,1.63545,-1.62539,0.41728,0
216,1,216,0,-17.0155,1.76927,-4.454,1.25633,-3.59021,2.53029,-2.80837,1.14529,-4.94367,0.35669,0
217,1,217,0,-16.96414,1.62287,-2.78435,0.37346,-3.13047,0.24999,-2.82261,-1.18593,-4.53121,0.14289,0
218,1,218,0,-15.26974,-1.52975,-0.89717,-3.70653,0.91696,-3.79747,0.45864,-1.41272,-1.54102,-0.50441,0
219,1,219,0,-17.30051,-0.56095,-1.26534,-3.11656,-1.85542,-1.68595,0.31252,-1.10032,-1.80278,-0.71436,0
220,1,220,0,-11.17146,-2.96314,-0.59492,0.26518,-1.44236,-0.05954,-2.68889,-1.15409,-2.04812,-0.18391,0
221,1,221,0,-19.01888,-2.60818,-0.68312,-2.2105,0.44994,-5.11455,0.44176,-2.84503,-2.09429,-1.59066,0
222,1,222,0,-15.15459,-3.02956,0.47817,-4.44124,-0.03031,-3.43401,-2.47843,0.75123,-3.09622,-0.53737,0
223,1,223,0,-12.51482,-2.75679,-0.00086,-2.14856,-2.80353,-1.99891,-2.60953,-0.25307,-2.35367,0.08878,0
224,1,224,0,-10.46482,-1.52717,-0.07108,-0.74049,-1.50987,-0.65488,-3.02256,-0.31249,-2.63496,1.42378,0
225,1,225,0,-14.41015,0.92642,-0.52247,-2.83854,0.35307,-1.10378,-5.80253,2.25784,-3.15737,-0.55221,0
226,1,226,0,-17.28732,-1.65256,-1.45797,-2.03905,-2.42861,0.40558,-5.37927,0.26363,-5.51756,-0.03259,0
227,1,227,0,-19.04581,0.00268,-4.38563,1.0639,-5.86895,0.90753,-6.19219,1.28876,-6.16432,0.71537,0
228,1,228,0,-13.22547,0.72668,-4.08869,1.61167,-3.80499,0.99929,-2.58601,-0.14187,-3.61374,0.03701,0
229,1,229,0,-22.69683,1.40289,-6.58915,2.21068,-5.84273,2.05351,-5.68993,0.94901,-6.31389,0.0658,0
230,1,230,0,-21.63033,-0.12041,-5.71765,2.51946,-6.15698,2.40365,-5.44467,1.84562,-5.65356,0.98516,0
231,1,231,0,-22.99603,-0.09394,-2.97883,-1.92952,-1.02896,-2.63457,0.06116,-3.01749,-0.62002,-0.50934,0
232,1,232,0,-8.03521,-1.34126,0.48329,-0.10304,0.11598,-0.38171,0.46916,-1.15047,-0.88081,0.74663,0
233,1,233,0,-18.55297,-3.00924,-0.54121,-0.37693,-0.53167,-2.16105,0.17498,-3.27911,-2.30759,-0.667,0
234,1,234,0,-17.61863,0.25364,-4.21704,0.9169,-2.67527,-0.5537,-3.43791,0.48468,-5.36709,0.03707,0
235,1,235,0,-17.68943,1.73284,-6.84108,0.37579,-3.15357,1.34798,-3.40547,0.81316,-3.92695,0.60076,0
236,1,236,0,-12.97868,-2.33731,0.21742,0.53272,-2.42765,-0.35604,-0.45397,-1.62378,-1.63975,-1.42125,0
237,1,237,0,-10.75519,-4.37876,1.80235,-1.72841,1.69583,-3.5368,0.78863,-4.02792,1.59123,-2.508,0
238,1,238,0,-15.89866,-0.59779,-2.15277,-0.05638,-3.39098,1.10504,-3.75427,0.23879,0.31842,0.43692,0
239,1,239,0,-15.59386,-0.14786,-2.35471,-1.19027,-1.99965,0.76737,-1.58843,-0.3818,-2.53366,0.66854,0
240,1,240,0,-15.42208,-4.02424,0.12491,-0.5607,-0.41722,-2.86881,0.12358,-1.86446,-1.75425,-0.14234,0
241,1,241,0,-14.81329,-1.85026,-0.49693,0.10424,-1.3794,-1.18355,0.29026,-1.49998,-0.95302,0.10428,0
242,1,242,0,-16.84231,1.0147,-2.68258,1.35176,-2.9765,1.17599,-3.98448,1.40501,-4.13254,0.78978,0
243,1,243,0,-14.10164,1.26347,-4.68933,1.46972,-5.8442,1.55585,-6.92634,1.28849,-6.31103,-3.12537,0
244,1,244,0,-18.79342,-0.74288,-3.43482,-0.81902,-3.50199,-1.84055,-3.17325,-1.95978,-3.52454,-1.10825,0
245,1,245,0,-18.29286,-1.52769,-1.98212,-0.64127,-1.03922,-1.53545,-0.58771,-1.03388,-3.04241,-0.87785,0
246,1,246,0,-7.56646,-4.40884,-0.46188,-0.10144,1.308,-4.03707,0.79206,-3.15078,-2.76103,-1.59077,0
247,1,247,0,-19.09926,2.12799,-5.75704,1.31458,-3.95429,-0.12966,-1.90007,-0.03445,-3.70939,0.5632,0
248,1,248,0,-10.85491,0.15333,-3.72744,-0.32697,-1.41943,-1.02441,0.56269,-3.31323,0.93863,-2.3077,0
249,1,249,0,-15.50828,-1.02142,-1.03904,-0.6683,0.03974,-0.17413,-1.77776,-0.60636,-1.25156,-1.32386,0
250,1,250,0,-12.67389,-5.11461,1.28348,0.10212,-1.54055,-2.65686,0.39149,-3.05025,-0.5344,-4.43636,0
251,1,251,0,-19.91669,-0.94607,-2.40787,1.19999,-3.46126,-1.92365,-0.96291,-1.17921,-1.32044,-0.45902,0
252,1,252,0,-14.72471,0.38302,-1.38371,-2.18672,-1.08154,0.24653,-0.7069,-0.30242,0.66306,-0.51715,0
253,1,253,0,-21.08288,-1.66438,-0.26036,-3.54323,-1.13425,-1.50602,0.23581,-3.51491,0.30232,-2.46989,0
254,1,254,0,-20.88127,-0.58051,-0.36396,-1.90737,-0.82617,-0.77255,-0.78067,-0.17427,-1.16501,-0.24163,0
255,1,255,0,-12.70702,-2.14108,0.83963,0.63106,-0.37407,-0.71988,-1.10236,0.47008,-3.61451,0.9904,0
256,1,256,0,-17.07156,-0.21018,-1.23779,0.98373,-1.48429,-0.13235,-1.1669,-0.37872,-2.77995,0.49243,0
257,1,257,0,-16.83112,-0.04558,-1.04469,-1.25067,0.11064,-0.07693,0.03731,0.1366,-3.15964,-0.61669,0
258,1,258,0,-23.50002,1.78199,-8.08414,2.11707,-7.05913,1.40467,-6.21223,0.66054,-6.47112,0.97616,0
259,1,259,0,-22.18451,1.92398,-6.25007,1.06021,-6.15687,1.10718,-5.22378,1.01321,-4.12866,0.3219,0
260,1,260,0,-15.74421,-1.83182,0.58095,-4.43724,1.94526,-3.83792,0.14101,-2.65896,-0.15681,-3.05773,0
261,1,261,0,-14.62475,0.03652,-3.66112,-0.34059,-2.89093,0.00632,-0.3545,-1.83635,0.73882,-1.41117,0
262,1,262,0,-10.82642,0.74327,-1.78359,0.37455,-0.96778,0.71013,-0.07977,1.2803,-3.03817,1.12954,0
263,1,263,0,-13.79588,-1.62114,0.78619,-3.68245,0.48437,0.45954,-2.42898,-1.54316,-0.60043,-3.06494,0
264,1,264,0,-13.74917,-1.82882,-0.58573,-3.35742,-0.76441,-0.35623,-1.38685,-0.91268,0.35696,-4.00254,0
265,1,265,0,-15.21455,1.1238,-4.38717,-0.31221,-4.94862,1.18787,-4.67011,0.07012,-5.24688,-0.12653,0
266,1,266,0,-18.34924,-0.43113,-1.95903,-3.78909,-1.03235,0.1228,-1.39634,-0.95494,-1.36374,-1.67603,0
267,1,267,0,-10.37681,-5.51462,2.61668,-5.23156,1.56282,-4.35553,1.30308,-4.72882,0.94675,-5.11027,0
268,1,268,0,-20.65519,-3.33845,-0.59078,-0.84448,-2.70235,-1.14434,-1.6162,-1.29219,-1.6347,-1.6509,0
269,1,269,0,-21.3507,-1.65658,-0.52113,-0.12603,-3.42684,-1.48447,-1.59663,-1.27421,-3.11837,-1.32735,0
270,1,270,0,-14.13084,-1.46965,1.25738,-4.04189,0.62843,-2.06936,-1.25416,-1.59504,-2.40152,0.04001,0
271,1,271,0,-10.23562,-4.40805,2.49708,-3.65959,1.73584,-3.47687,1.34361,-2.71938,-1.18402,-1.95349,0
272,1,272,0,-27.92402,0.83303,-6.0136,-0.30343,-5.73731,1.03322,-6.97382,-0.27823,-5.94663,0.73514,0
273,1,273,0,-21.74676,1.2859,-3.82084,2.16279,-6.18441,1.39646,-2.1016,0.97653,-3.50419,0.82109,0
274,1,274,0,-20.34732,-1.51372,-1.2105,-0.02097,-1.55882,-1.98462,0.24828,-1.24839,-1.6244,0.54729,0
275,1,275,0,-24.10433,0.90555,-4.06755,-0.90367,-2.13052,-1.15471,0.04553,-0.81067,-2.85152,-0.34085,0
276,1,276,0,-21.11813,1.36606,-6.66732,2.21939,-6.88845,3.12817,-6.80105,1.93942,-7.02842,0.09124,0
277,1,277,0,-20.23769,2.11283,-6.35987,1.61712,-4.88275,0.618,-2.93197,0.24235,-3.36285,0.70946,0
0,2,0,0,-13.04868,-0.43957,-3.02523,0.93013,-4.67097,0.70395,-4.56061,0.24995,-4.80183,0.428,0
1,2,1,0,-13.18525,-0.09455,-2.85646,2.17437,-3.55623,0.3498,-2.84945,1.44972,-4.57166,1.27869,0
2,2,2,0,-17.36257,-0.42099,-2.15462,-0.81047,-1.23812,-0.40769,0.59804,-2.11824,-0.92953,-0.67139,0
3,2,3,0,-15.57949,-0.14131,-2.44761,-0.69919,-2.82876,-0.16728,-1.30672,-0.57812,-2.94976,-0.56756,0
4,2,4,0,-15.32553,0.4079,-3.221,-0.00622,-2.53364,0.52797,-1.50166,-0.83899,-1.21406,0.22429,0
5,2,5,0,-14.21764,-0.95168,0.33393,-2.85587,1.12074,-0.61449,0.35795,-2.07899,0.89613,-1.11659,0
6,2,6,0,-15.72163,-3.71374,0.03607,-2.88757,-1.86153,-1.58366,-3.72703,-3.03893,0.56262,-3.38947,0
7,2,7,0,-7.97129,-0.22252,1.08927,0.12746,-0.87173,1.21987,-2.29777,2.28697,-0.57385,1.94112,0
8,2,8,0,-18.10408,0.18642,-3.98193,-0.5428,-2.55987,0.42681,-2.09661,-1.12774,1.12072,-0.99795,0
9,2,9,0,-6.53565,-0.46611,-2.24221,0.36133,-0.74807,-1.31237,-1.31135,-2.50722,-0.21549,-1.92699,0
10,2,10,0,-11.80848,0.96902,0.00725,0.76406,-0.0461,-0.70294,1.1215,-0.9015,0.01099,-1.94258,0
11,2,11,0,-15.50611,-1.96537,1.40701,-0.20221,-2.07304,0.4786,-2.97035,-0.1882,-3.07127,-2.14704,0
12,2,12,0,-25.27875,-0.88669,-6.21185,2.44948,-6.61649,1.48288,-6.28045,0.41108,-7.36878,-1.6686,0
13,2,13,0,-19.28239,0.88336,-6.24747,3.17546,-6.54189,4.06759,-8.62639,2.99425,-8.54064,0.46796,0
14,2,14,0,-27.08981,0.91372,-7.58038,1.13054,-5.71631,0.54918,-4.21484,0.02071,-5.52012,-0.76152,0
15,2,15,0,-7.1216,3.63151,-1.81585,-0.72527,1.07911,1.44299,-2.11941,1.43287,-2.30789,2.41856,0
16,2,16,0,-20.84069,0.39216,-7.06745,2.18053,-7.31979,2.1385,-6.18262,1.11361,-6.35247,-0.27786,0
17,2,17,0,-21.49757,0.11844,-2.69572,-1.21176,-2.369,-0.31716,-0.26362,-3.23485,-3.13376,-2.06248,0
18,2,18,0,-18.57721,3.30527,-7.08837,1.33823,-2.88627,1.81982,0.39635,0.5241,-2.45892,0.43902,0
19,2,19,0,-20.53366,0.00392,-4.75288,-0.17195,-2.64423,-0.64163,-1.56116,-0.2468,-2.73778,-0.60133,0
20,2,20,0,-14.43341,-0.97785,-3.17928,-1.55711,-2.4726,-0.51918,-4.47596,-0.33179,-2.29243,-1.67948,0
21,2,21,0,-15.18008,-0.2455,-2.32544,-0.99541,-1.16526,0.33631,-2.20514,-0.33663,-1.06379,-1.17686,0
22,2,22,0,-19.66788,-1.15027,-4.36134,-3.51746,-3.07474,-2.07876,-3.02221,-2.62197,-1.31697,-2.91598,0
23,2,23,0,-8.83748,0.38113,2.0087,-3.01138,1.36162,0.11023,-1.99774,-1.42828,-0.45062,0.02094,0
24,2,24,0,-16.65033,-0.97462,-2.40429,1.32923,-5.00144,1.18093,-3.56514,0.52366,-3.71628,0.24008,0
25,2,25,0,-10.57662,-2.25161,-0.54686,-0.80953,-2.27181,-0.61481,-1.41812,-0.62089,-1.40333,-0.61525,0
26,2,26,0,-24.31236,0.11003,-5.18949,0.52958,-4.37434,0.37686,-4.42384,-0.41722,-5.07425,-1.26073,0
27,2,27,0,-24.44235,0.25161,-6.98031,4.269,-8.66854,3.24049,-8.52391,1.34674,-8.35653,0.22812,0
28,2,28,0,-15.95868,0.24869,-3.85955,0.98391,-4.29709,0.7714,-2.79464,0.42876,-2.74739,0.46195,0
29,2,29,0,-16.13797,1.40378,-4.0398,0.39388,-2.99398,0.00638,-0.86498,-0.16071,-2.36317,0.36298,0
30,2,30,0,-16.14479,0.89114,-4.97935,1.44296,-3.30225,1.15074,-2.63675,0.5323,-3.85915,-0.02727,0
31,2,31,0,-11.53512,0.6032,-3.81369,0.90998,-2.40437,1.11475,-2.44117,0.64323,-1.54059,-1.30959,0
32,2,32,0,-8.79786,2.05938,-4.55564,1.72288,-2.0487,1.85242,-3.74863,2.14066,-1.59866,0.40758,0
33,2,33,0,-19.75716,1.03436,-4.37466,-0.83046,-3.76632,1.01487,-2.73729,-0.0919,-3.333,0.15455,0
34,2,34,0,-10.098,-0.27686,-0.59146,1.16927,-1.88431,-0.90483,-0.66767,-0.80458,-1.04659,1.72283,0
35,2,35,0,-17.04093,-2.49117,-2.11622,-0.75381,-1.19779,-1.52949,-1.8679,-1.61687,-2.45131,-1.20482,0
36,2,36,0,-11.52729,1.62807,-3.36634,0.47303,-0.62632,1.84205,-1.92268,0.94334,-1.97019,-1.39588,0
37,2,37,0,-16.04356,-3.21373,-0.67401,-2.89252,-1.61622,-1.61201,-1.55455,-1.5623,-2.93312,-3.40957,0
38,2,38,0,-8.96501,-2.14002,-1.17536,1.46646,-2.2106,0.44544,-2.47905,0.58729,-3.6855,-3.88981,0
39,2,39,0,-8.96801,0.97234,-2.01331,1.0719,-1.28172,3.22476,-2.95072,-0.69266,0.66769,-1.45059,0
40,2,40,0,-14.94234,0.21176,-1.03149,-4.26601,-3.41178,-0.19203,-3.77374,-4.32178,2.7819,-4.75043,0
41,2,41,1,3.772,2.51649,6.18331,4.74515,6.1883,2.6575,5.75378,3.52704,4.69797,3.75921,1
42,2,42,1,-4.48977,0.54957,-1.02817,1.30775,3.10741,0.09248,3.06574,1.08502,2.77381,0.33807,0
43,2,43,0,-10.85819,5.35049,-5.44011,2.61402,-3.42113,1.85679,-5.12066,-1.23372,-0.74418,0.76758,0
44,2,44,0,-10.27024,1.60376,-2.06274,-1.34417,-0.34619,0.22387,-1.5563,0.67327,0.14439,-0.33127,0
45,2,45,0,-8.61031,-2.30785,-1.98316,1.18608,-5.16959,2.32477,-6.9579,2.70411,-7.37769,1.52642,0
46,2,46,0,-5.02241,-3.51385,3.00566,-0.4011,3.31228,-0.57661,-1.90777,1.2771,-2.48113,0.64252,0
47,2,47,0,-9.20566,-1.65991,2.10934,-0.82171,4.58387,-2.4429,2.27991,-1.94529,2.45091,-3.16442,0
48,2,48,0,-7.49002,-1.13494,5.10599,-7.15299,3.28574,-2.69147,-2.45314,-2.67631,0.70007,-2.29626,0
49,2,49,1,-11.42702,0.41588,-4.16125,1.96402,-3.93282,2.21104,-2.60946,-3.13969,-0.63535,2.21829,0
50,2,50,0,-8.23258,-4.52465,4.68341,-5.81249,4.43056,-4.32805,3.12192,-6.10973,5.01316,-2.50323,0
51,2,51,0,-11.29733,3.26745,-6.2673,-2.94405,1.3926,-3.04783,-0.42289,-4.50592,1.36428,-0.60602,0
52,2,52,0,-10.05659,-4.66515,3.90729,-4.17828,0.73397,-1.93679,0.27929,-2.83392,-2.91923,1.3439,0
53,2,53,0,-11.11199,0.03084,0.32007,-1.88531,-1.9658,0.84251,0.78788,-0.97985,-1.49353,1.75791,0
54,2,54,0,-11.36455,-2.11007,-0.53728,-1.98581,-0.16054,-0.44503,-0.60451,-3.23413,-1.25657,1.1475,0
55,2,55,0,-14.70197,-1.50124,-3.28491,-0.82897,-2.1214,0.13811,-3.92597,-1.49999,-2.52357,0.02729,0
56,2,56,0,-13.89184,2.31017,-2.56445,0.37211,-2.68197,2.43925,-3.66819,1.05256,-2.7436,1.46209,0
57,2,57,0,-14.10743,-0.26714,-1.42197,1.06481,-2.94842,2.02629,-1.42864,-0.29331,-3.35232,2.39179,0
58,2,58,0,-22.79699,-0.19477,-4.92925,0.81679,-4.29886,1.05985,-2.14955,-0.98233,-4.96744,0.62218,0
59,2,59,0,-18.75854,-0.95799,-1.667,-3.04636,-2.9469,1.82238,-5.6952,1.11613,-4.87323,0.19322,0
60,2,60,0,-12.84331,-1.54271,-3.68247,-0.69939,-2.73119,-1.64978,-2.69349,-1.67699,-1.86165,-1.98042,0
61,2,61,0,-8.54602,-1.84063,-1.99798,-2.94059,3.96477,-3.9175,0.31574,-4.34079,2.34789,-3.26232,0
62,2,62,1,1.44774,7.18501,0.90723,0.99,5.32319,3.20713,4.4921,2.76253,4.8784,3.06671,1
63,2,63,1,-3.94039,-1.5038,4.94054,0.19813,7.83978,-1.15944,6.64035,-2.93665,3.85682,2.33873,1
64,2,64,1,4.9075,7.04666,3.97654,4.55231,5.31741,3.66675,6.78166,3.07435,6.81649,5.23716,1
65,2,65,0,-7.81104,-1.82868,4.91255,-1.09435,3.13239,-1.41037,3.99124,-4.5774,3.99729,-3.29345,0
66,2,66,0,-10.51174,-4.25205,4.38223,-3.32482,2.04995,-4.9456,1.75002,-5.08269,2.39217,-4.06208,0
67,2,67,0,-9.94303,-3.47491,2.84936,-4.09876,-0.13731,0.44808,-5.75717,-0.56304,-4.76033,0.81925,0
68,2,68,0,-7.88524,-1.29413,0.76829,1.87747,-0.16948,0.39308,-1.16777,0.24029,-1.64972,2.6401,0
69,2,69,0,-10.08434,-0.66491,0.83093,-1.86542,1.44251,0.49632,-0.53349,-0.22732,0.05513,2.01652,0
70,2,70,0,-9.00713,-2.17547,3.61875,-5.18418,1.47267,-1.14648,-1.79613,0.02709,0.16934,0.22036,0
71,2,71,0,-13.43418,-0.12417,-1.08472,-2.56916,0.057,-1.71533,-2.65884,-0.87707,0.17625,-0.32329,0
72,2,72,0,-21.1949,1.5855,-5.72121,0.48672,-4.76012,1.48721,-5.17174,1.15899,-5.67874,1.32434,0
73,2,73,0,-25.74781,-1.03795,-4.16366,2.07604,-6.4904,1.41228,-6.07682,-0.04769,-5.75342,0.29834,0
74,2,74,0,-23.65171,-0.21226,-6.52582,3.45615,-7.22267,1.57675,-7.55098,0.84727,-6.72024,-0.69221,0
75,2,75,0,-23.04982,-1.23577,-5.08665,-0.52551,-3.91959,-1.04929,-3.15317,-3.4388,-2.52398,-3.47037,0
76,2,76,0,-20.58055,0.44466,-4.14036,-0.29478,-3.10428,1.57628,-4.82246,0.7231,-6.09975,-0.42034,0
77,2,77,0,-11.1256,-0.43416,0.35613,-1.81081,-0.64628,1.38037,-1.66494,0.32909,-1.92032,0.8924,0
78,2,78,0,-21.88467,0.18635,-5.38445,1.33146,-4.41403,1.51208,-5.87318,-0.71893,-4.46389,-0.30601,0
79,2,79,0,-15.58369,-1.0865,-3.20695,1.85661,-4.79462,1.41732,-4.02308,-0.05299,-3.66631,1.26239,0
80,2,80,0,-14.12265,0.25985,-2.06103,-1.0252,-2.02717,-0.32504,-1.43247,-0.53315,-1.94458,-0.49041,0
81,2,81,0,-11.05931,0.12476,-6.22669,0.84969,-3.92028,1.41887,-3.19539,0.45795,-0.66139,-0.84951,0
82,2,82,1,4.10055,1.03906,5.38453,3.15527,3.84123,2.95978,3.59722,2.67769,1.01891,4.14317,1
83,2,83,0,-7.55686,1.50746,-2.25683,0.85654,-1.38452,0.71963,-1.10972,-1.13794,1.93172,0.43519,0
84,2,84,0,-11.4094,-0.82247,-1.86721,0.52809,-4.94184,2.78577,-5.2294,1.52985,-3.78618,0.31311,0
85,2,85,0,-3.66215,-3.86312,4.55943,-1.73301,0.67173,-1.3151,1.18277,-1.02043,1.19657,-2.69687,0
86,2,86,1,-5.3263,2.22369,1.75874,0.18277,-0.29173,1.53869,-0.26941,2.09834,-0.63319,2.62037,0
87,2,87,0,-14.67598,-2.0246,-0.00569,0.61025,-2.36097,3.20853,-2.05572,-1.01475,-0.05948,0.66762,0
88,2,88,0,-12.90289,-3.64762,-2.10638,-0.07202,-4.50907,1.24747,-7.06257,-0.7026,-3.27009,0.98103,0
89,2,89,0,-13.22428,0.55405,0.79443,-0.62432,-0.55636,-0.44021,0.14112,0.13245,-1.16468,0.36313,0
90,2,90,0,-15.36153,-1.16697,-2.57963,-0.61819,-1.03494,-0.21795,-1.23344,-0.6664,-3.21805,-0.12032,0
91,2,91,0,-15.34482,-1.18884,-3.82761,0.34715,-2.72444,0.2456,-2.31744,-0.80768,-2.0305,-0.36935,0
92,2,92,0,-14.09038,3.95509,-5.3298,2.29907,-5.21735,3.66122,-6.34045,2.57438,-3.04753,3.2007,0
93,2,93,0,-21.78585,-1.28995,-0.0202,-3.04301,-2.02182,1.54893,-4.27488,-0.40524,-3.13276,0.30782,0
94,2,94,0,-28.0474,0.72906,-2.57495,-1.53944,-1.50459,-1.13157,0.28221,-1.77574,-1.90071,-1.15175,0
95,2,95,0,-7.55251,-3.5354,3.96374,-1.74428,2.16006,-1.86233,1.58547,-2.4501,-0.66397,-3.37806,0
96,2,96,1,-2.72726,0.13604,4.6034,0.64301,-1.02167,5.34911,-3.67249,3.25551,-3.50391,2.95629,0
97,2,97,0,-10.41554,-2.24763,1.45107,-3.05279,0.29856,-2.46152,3.0034,-2.88491,2.84234,-3.12281,0
98,2,98,0,-6.14111,-5.07473,3.1883,-3.82527,4.16805,-5.51248,2.69701,-5.27976,4.60047,-5.83963,0
99,2,99,0,-5.40023,-1.95946,3.36456,-2.07406,4.51242,-2.80893,2.94679,-2.89489,3.96053,-2.45665,0
100,2,100,0,-12.7913,-2.2199,-0.5967,-0.33568,-0.59767,-2.93435,1.60624,-5.39841,3.53693,-4.43673,0
101,2,101,0,-18.45192,2.8733,-7.11108,1.12804,-2.62604,0.91914,-2.49748,-1.14924,-0.94706,-1.18633,0
102,2,102,0,-13.93642,-1.60646,-1.17657,-3.23569,1.33315,-5.19431,1.53254,-2.17578,-1.80886,-0.59728,0
103,2,103,0,-8.35835,0.06324,0.05388,0.69668,-1.29335,1.85489,-2.53621,0.48256,-1.08367,0.26337,0
104,2,104,0,-13.12378,-0.8173,0.96284,-1.16665,-1.2857,-0.17615,0.49992,2.09238,-3.99058,2.97311,0
105,2,105,0,-11.82036,-1.12247,0.27118,-1.1873,-1.95583,0.8959,-1.9589,-0.53567,-2.29496,0.65134,0
106,2,106,0,-14.00758,-2.03396,0.37546,-1.67676,-0.44494,-0.46226,-0.68458,-0.74158,-1.00813,0.24162,0
107,2,107,0,-19.24442,-4.41968,2.03332,-6.246,2.07018,-4.73742,0.80661,-3.45051,-0.83632,-1.14872,0
108,2,108,0,-17.17879,0.65208,-0.85404,-1.36704,0.26819,-0.53772,1.37974,-0.37301,-2.21231,-0.98773,0
109,2,109,0,-8.5774,1.49654,-2.99666,1.20075,-0.25349,0.91966,-3.86796,1.99732,-4.42549,2.07078,0
110,2,110,1,5.14824,1.8097,6.03898,3.26547,5.79152,2.02672,5.2965,3.29174,4.36086,2.261,1
111,2,111,1,-8.57124,-3.38375,0.73846,-3.6413,1.76647,-2.95684,-3.72317,-1.94433,-2.07866,-1.73381,0
112,2,112,1,-3.92417,0.00586,5.75866,3.55897,3.78545,0.6783,8.65616,1.55562,7.68101,1.23778,1
113,2,113,1,6.2915,2.99565,7.1035,6.30909,4.91252,3.97317,7.53332,4.47828,5.95251,3.88459,1
114,2,114,1,3.71382,2.60396,5.2589,4.18676,3.52467,5.04551,5.2496,1.48633,6.00728,4.12442,1
115,2,115,1,4.75725,5.27634,4.69005,4.04594,6.108,4.30464,6.90287,5.39775,5.26523,3.83275,1
116,2,116,1,1.83994,3.34993,4.49623,5.83611,1.31709,6.54219,3.06499,5.9567,3.65091,1.86897,1
117,2,117,1,-4.86675,-1.84153,4.46802,-6.30084,3.07761,-3.32655,3.78383,-4.94597,4.30731,-2.78605,0
118,2,118,1,-1.7172,-1.34896,5.22456,1.6764,1.49579,-1.32278,1.65416,-5.53043,4.43982,-0.08779,0
119,2,119,0,-15.08559,-2.75409,-2.82782,-2.41951,-0.90459,-2.44139,-1.04355,-5.516,2.4372,-6.2886,0
120,2,120,0,-18.69893,2.3005,-5.78496,-0.18843,-4.24537,2.23233,-3.81607,-0.07665,-4.68646,-2.80183,0
121,2,121,1,-12.67332,-1.80047,1.27777,-4.09656,-0.07512,-1.64342,0.98489,-3.44784,2.91283,-4.77006,0
122,2,122,0,-9.63094,-1.13139,3.29861,-4.48218,3.41375,-3.58833,3.22409,-4.57289,2.63442,-4.90555,0
123,2,123,0,-20.23498,-2.99905,0.14812,-3.40165,0.06013,-2.71674,-1.12472,-2.0619,-2.35846,-1.90793,0
124,2,124,0,-10.09808,-2.71167,-0.34129,-0.44458,-1.67354,-0.54317,-2.31046,-0.34726,-3.87036,0.00472,0
125,2,125,0,-16.68062,-2.37534,-0.31253,0.82226,-4.82188,1.95943,-5.92174,0.66176,-5.66898,-0.55049,0
126,2,126,0,-21.44438,2.04702,-6.34754,2.14861,-6.73288,1.0114,-6.53003,-0.56328,-5.57304,-1.26574,0
127,2,127,0,-12.54683,0.81197,-2.73635,2.31222,-4.52987,2.82955,-6.29552,1.40439,-4.93421,1.49689,0
128,2,128,0,-15.63373,-1.64653,-1.84023,0.12914,-3.37801,0.22666,-3.27063,-0.46856,-2.89861,0.6651,0
129,2,129,0,-14.85553,-0.52565,-0.941,-1.64647,-0.20669,-1.09029,0.7976,-1.93209,-0.17814,0.3204,0
130,2,130,0,-12.95007,-3.8049,0.44333,-1.00614,-0.09051,-1.55262,-0.49184,-1.56885,-1.34561,-0.44601,0
131,2,131,0,-6.85024,-1.72491,0.03356,-0.41547,0.70751,-1.73373,1.34707,-2.0956,-0.31043,0.46282,0
132,2,132,0,-14.72394,0.96631,-4.04726,1.55449,-2.50332,0.77596,-2.10065,-0.22296,-4.01136,0.68841,0
133,2,133,0,-16.14442,-3.55765,0.37446,0.50789,-0.56387,-0.9122,-0.63882,-1.47435,-0.57295,-0.20377,0
134,2,134,0,-25.72709,0.36725,-6.29353,-1.52987,-3.70788,-0.23007,-3.5913,-1.17386,-2.91906,-1.64185,0
135,2,135,0,-18.45175,-0.16449,-0.85766,-2.01844,0.43169,-1.27525,-0.31698,-2.28712,-1.08403,-0.28569,0
136,2,136,0,-14.17385,-0.54542,-0.02258,-0.65076,-1.00033,0.04605,-0.95533,1.55157,-3.45874,0.78207,0
137,2,137,0,-17.68175,-2.8978,1.43255,-2.06318,0.23527,-2.81422,0.96359,-3.66661,-0.05234,-2.35774,0
138,2,138,0,-12.71644,-0.08047,1.24275,-2.93922,1.18683,-3.50584,0.49942,-3.29561,1.15144,-3.34457,0
139,2,139,0,-19.47108,0.33351,-1.68908,-2.58667,-0.85181,-1.59594,-1.11972,-1.2534,-2.90251,-0.01394,0
140,2,140,0,-15.27947,-1.8706,-0.78282,0.2776,-1.33408,-1.57538,-1.34745,-1.27767,-1.86361,0.4996,0
141,2,141,0,-8.34577,-4.5087,2.99615,-1.05411,1.35271,-4.42586,1.51068,-2.59594,0.22336,-1.69533,0
142,2,142,0,-10.69673,-0.49649,1.73474,0.60489,-0.96159,0.95934,-1.89822,2.18159,-2.61963,2.14711,0
143,2,143,0,-14.93301,-0.28161,-2.78619,-0.95394,-3.62027,0.93598,-3.47687,0.84229,-3.2367,0.50135,0
144,2,144,0,-11.64038,-3.56587,1.03561,-0.47745,-0.25673,-2.70067,-0.37633,-1.12253,0.95575,-1.42861,0
145,2,145,0,-14.68447,-1.38801,-0.14303,-0.53059,-1.38005,-2.94721,-1.61184,-0.98334,0.1432,-1.61528,0
146,2,146,0,-13.55736,-0.50732,-1.77539,-3.0326,-0.24961,0.34006,-4.63927,1.77993,-3.91293,0.5669,0
147,2,147,0,-16.59681,0.21893,-3.68181,0.48779,-3.36459,-0.77883,-3.02748,-0.09962,-0.03675,-1.29165,0
148,2,148,0,-5.68512,-5.53383,3.88363,-1.04015,0.94336,-3.35581,1.5866,-2.21729,1.30248,-0.50863,0
149,2,149,0,-12.29192,-0.93682,1.02046,0.16507,1.17448,-2.94667,-0.39372,-0.01883,-0.07799,1.20644,0
150,2,150,0,-13.83955,0.30402,-4.14556,0.49621,-2.26778,-0.30277,-2.34094,0.82583,-2.4919,0.74619,0
151,2,151,0,-10.7296,-4.27088,1.32647,-0.35121,-2.65509,0.16747,-1.7502,0.65154,-2.59428,-0.67013,0
152,2,152,0,-15.58431,0.11686,-4.18378,1.38953,-4.63997,0.98798,-4.92528,0.91965,-3.97865,1.05846,0
153,2,153,0,-10.73221,-1.90803,1.22046,-1.95943,-0.10225,-0.67135,-0.82314,-1.98329,1.19802,-1.96859,0
154,2,154,0,-10.09021,-2.49225,-0.01663,0.70331,-3.75626,2.03185,-4.06637,-1.01931,-1.61463,-1.38262,0
155,2,155,0,-9.94474,-3.0808,2.18612,0.60291,-0.99028,0.35099,-1.49687,0.34698,-1.06614,-0.43976,0
156,2,156,0,-17.65292,-0.49779,-0.15532,-0.90245,-1.512,-0.30137,-1.00522,-1.1585,-2.29702,-0.51059,0
157,2,157,0,-13.77539,-2.84273,0.50175,-0.28544,-2.52158,0.10072,-3.18398,0.77363,-4.45072,-1.07673,0
158,2,158,0,-11.55245,0.61552,2.47124,-1.29963,0.18946,0.52232,0.14761,-0.27661,-3.34352,2.53944,0
159,2,159,0,-12.77154,-3.49631,2.19786,-2.42402,-0.13004,-2.0438,0.13536,-4.77612,0.74626,-3.15202,0
160,2,160,0,-19.22064,-1.54047,-0.20573,-3.18591,-0.71903,-2.385,-1.02313,-2.48563,-0.02823,-1.97051,0
161,2,161,0,-7.79708,-2.02655,3.39475,-2.35371,1.32784,0.40712,-2.62501,-1.36083,-0.61046,-0.49368,0
162,2,162,0,-11.84613,-2.20809,-0.10122,1.39091,-1.74772,-0.13697,-2.7109,0.63641,-0.5363,1.26677,0
163,2,163,0,-10.12397,-1.01122,0.83056,-0.01179,1.45233,-2.1793,-1.12361,-2.7564,0.05815,-1.75016,0
164,2,164,0,-14.15802,0.91384,-2.83173,-2.10582,2.70627,-1.61928,0.73138,-1.75071,1.02675,-2.55523,0
165,2,165,1,2.14486,4.00124,5.019,2.95853,4.39955,3.49898,6.43293,3.55238,3.28619,2.04461,1
166,2,166,0,-8.72888,-2.04415,4.88202,-4.81992,3.97577,-4.16448,3.95012,-4.0352,3.19109,-1.74297,0
167,2,167,0,-11.13849,0.6605,4.39916,-2.24778,2.26749,-2.08251,0.88497,0.58343,2.06379,-0.85767,0
168,2,168,0,-22.17088,-1.49079,-2.28953,-4.14647,-0.96648,-3.64146,-1.45473,-2.94555,-1.74994,-1.54959,0
169,2,169,0,-20.16798,0.37519,-7.71626,-0.80008,-6.25448,1.03327,-5.82018,-0.84441,-5.63161,-2.15611,0
170,2,170,0,-20.41575,-1.42272,-4.15738,0.65196,-3.04132,-0.52407,-2.87252,-2.0705,-3.45167,1.10424,0
171,2,171,0,-20.59371,-1.26165,-2.59426,-0.19973,-1.64871,-3.56506,0.49468,-5.02846,-0.32905,-2.06144,0
172,2,172,0,-20.42725,-1.01343,-2.67097,-2.12529,-0.33324,-3.87835,0.96893,-5.05135,-0.10923,-3.28904,0
173,2,173,0,-11.93235,-3.44358,-2.12424,1.21431,-4.64891,-0.21783,0.97383,-1.68538,-2.5438,-2.50624,0
174,2,174,0,-11.38766,-5.12172,4.53696,-4.33835,1.66088,-5.31475,5.49525,-5.19309,2.30626,-5.74897,0
175,2,175,1,-6.6026,3.20594,-5.03834,5.08176,-2.26555,-0.44782,-2.2863,2.29549,-1.00625,0.00957,0
176,2,176,1,7.20615,3.95124,5.94319,4.30316,4.38048,4.6637,5.49357,6.37161,5.50416,6.91678,1
177,2,177,1,-5.25851,-1.34101,3.8339,-2.12331,3.02254,-4.05792,4.69196,-4.1623,1.96914,-3.03941,0
178,2,178,0,-13.23983,-3.30026,0.75228,-2.76485,1.7648,-4.95127,0.23402,-4.37496,0.60729,-4.49941,0
179,2,179,0,-10.69529,-5.85422,4.05431,-5.61669,3.68553,-8.10258,3.554,-8.1808,3.35351,-7.7931,0
180,2,180,0,-19.03524,-1.07991,-1.88535,-3.35285,-0.33715,-3.38818,1.54983,-4.03675,-0.57493,-2.18036,0
181,2,181,0,-14.06324,-1.09815,-0.44418,-2.46007,-0.39992,-1.76535,-0.4,-2.19676,0.37269,-3.70704,0
182,2,182,0,-17.47111,-1.8967,0.04479,-4.66732,0.43889,-4.54547,0.26713,-3.77255,0.25745,-2.7681,0
183,2,183,0,-12.19219,-1.92055,0.00621,-1.31438,-1.50861,-2.66455,-0.59845,-2.08872,-2.70781,0.09168,0
184,2,184,0,-12.40147,-1.52223,-0.71993,-0.7013,-1.35153,1.30502,-1.57327,0.23882,-3.91732,1.32353,0
185,2,185,0,-22.14172,-0.00899,-4.27298,0.44309,-4.76151,0.42814,-3.2784,-0.53986,-4.55869,0.25166,0
186,2,186,0,-22.49403,1.34677,-8.17927,2.94085,-7.32946,2.28284,-6.66299,0.86428,-7.26251,-0.2448,0
187,2,187,0,-15.32253,2.23248,-6.33073,3.1096,-5.03194,3.00087,-4.61861,2.16173,-6.91281,-0.42733,0
188,2,188,0,-20.06071,0.77255,-4.97258,1.22343,-3.48022,0.62406,-3.32977,0.66352,-4.66109,-0.72618,0
189,2,189,0,-13.69378,0.98391,-4.40872,2.28707,-4.16654,1.31102,-4.02415,2.07982,-5.96708,0.58898,0
190,2,190,0,-13.85446,-1.49784,-3.07367,0.73225,-1.24916,-0.59651,-0.99238,-1.25779,-1.77712,0.02496,0
191,2,191,0,-19.81739,2.82626,-2.856,-0.34535,-0.9757,0.2425,0.62332,0.53077,-2.56602,0.0811,0
192,2,192,0,-13.18717,1.81993,-0.88848,-1.14688,-0.00526,0.95112,-1.02598,1.73853,-4.68508,2.66394,0
193,2,193,0,-16.76628,-1.64654,-1.34378,-2.26348,0.01376,-1.8756,-0.12228,-1.66249,-1.46211,-0.9753,0
194,2,194,0,-12.98418,-3.07962,-0.40312,-4.03766,-2.08749,-3.81761,-1.25427,-3.94707,-0.97108,-4.54265,0
195,2,195,0,-20.25826,0.24729,-1.98826,-1.66371,-2.46899,1.01437,-2.9293,-0.99772,-1.88367,-2.46479,0
196,2,196,0,-9.77063,-4.413,1.67981,-1.0827,-0.46955,-3.65691,1.14064,-4.49708,0.02014,-2.76611,0
197,2,197,0,-14.75758,-3.4244,-0.33517,-1.66786,0.08253,-3.16283,0.05821,-2.9819,-0.47969,-2.50696,0
198,2,198,0,-21.33612,-1.31383,-3.76002,-3.1146,0.08349,-2.45519,-0.9628,-3.38904,-1.04136,-4.04333,0
199,2,199,0,-13.86913,-0.63625,-3.17336,-1.69354,-2.09612,0.39153,-1.91583,-1.39042,-1.17425,-1.31424,0
200,2,200,0,-17.10743,-0.34863,-1.70916,-1.20986,0.0084,-0.37953,-1.83208,-0.19117,-0.88984,-1.36899,0
201,2,201,0,-10.43982,-2.7002,1.08209,-0.64815,1.45842,-2.7876,-0.50566,-2.31253,0.86789,-1.47786,0
202,2,202,0,-10.53023,1.63513,-2.05961,1.44366,-0.21749,0.28503,0.00831,0.93888,-0.01834,0.83464,0
203,2,203,0,-14.68613,-0.30363,-3.24179,0.19774,-0.91311,-0.51996,-0.90983,-0.36006,-4.46313,-1.34987,0
204,2,204,0,-16.68632,1.35769,-3.54301,-1.47946,-2.58389,-0.39471,-1.4775,0.84596,-5.31794,-0.05381,0
205,2,205,0,-17.03552,1.37563,-5.51707,0.28673,-4.74308,2.22407,-4.62694,2.18732,-7.35524,-0.72816,0
206,2,206,0,-12.13882,-0.3385,-2.62324,-1.16519,-0.48957,-0.48785,-3.44598,-1.85293,-2.33,-2.16299,0
207,2,207,0,-11.77429,0.34863,-2.81964,1.47957,-4.42858,2.68692,-4.9304,2.75136,-5.96708,1.54532,0
208,2,208,0,-20.73029,-1.22865,-3.76708,-0.38455,0.12088,-2.52751,1.20032,-3.92909,-0.00707,-1.88231,0
209,2,209,0,-13.33428,-3.42664,-0.42362,-0.88344,-0.22988,-2.93509,0.62884,-2.20266,-0.41126,-1.31745,0
210,2,210,0,-16.47516,-2.01057,-0.79022,-1.63915,-1.35178,-3.14653,-0.58209,-2.25058,-0.82706,-2.35926,0
211,2,211,0,-10.93922,-2.08852,0.69923,-0.08419,-0.67259,-0.65707,1.59516,-2.00482,1.53174,-3.13942,0
212,2,212,0,-16.80515,-0.77778,0.42751,-3.56134,-0.66102,-0.71951,-0.47434,-0.95208,-1.74882,-0.82396,0
213,2,213,0,-9.89997,-0.26501,0.35345,-1.85462,0.70347,-0.41805,1.3169,-1.62222,-1.54167,-0.28824,0
214,2,214,0,-10.93197,-2.82857,0.86269,-1.14699,0.24608,-0.91879,0.59554,-1.83315,-0.50881,-1.71085,0
215,2,215,0,-14.67882,-2.54693,-0.1185,-1.92861,-0.03171,-3.57753,0.01873,-3.93979,-1.04109,-0.7057,0
216,2,216,0,-13.20247,0.02702,0.16123,-2.76294,1.00519,-3.12002,-2.16099,-0.44437,-0.77514,0.89907,0
217,2,217,0,-13.78995,-1.85166,0.30657,-3.27383,0.12109,-3.36874,0.64617,-2.43242,0.50713,-3.01614,0
218,2,218,0,-12.74046,-2.98344,1.01295,-1.2811,0.71156,-3.40743,0.42452,-2.47388,-0.23824,-2.57544,0
219,2,219,0,-11.59452,-1.34152,1.13567,-2.22178,-0.17989,-1.28528,0.52974,-0.81074,-1.00655,-0.34528,0
220,2,220,0,-15.53044,-2.98698,2.04627,-4.44665,0.21642,-5.22348,2.21192,-4.93529,1.35288,-4.70951,0
221,2,221,0,-18.6371,-2.52085,0.5011,-4.63815,0.81586,-5.81937,2.35359,-4.72568,0.28256,-3.86579,0
222,2,222,0,-18.8866,-1.96376,-0.9581,-3.48181,-1.51335,-3.48966,-0.50598,-2.84595,-2.07022,-1.64918,0
223,2,223,0,-15.10741,-0.69853,-0.41547,-3.17465,-1.29265,-2.73456,-0.70113,-1.98181,-2.20051,-0.29262,0
224,2,224,0,-17.68046,-0.46114,0.16411,-3.75081,1.5997,-4.79952,0.74146,-4.07839,0.83124,-1.96585,0
225,2,225,0,-16.3522,-2.93228,1.80387,-2.25909,2.14581,-4.74003,1.32146,-2.86883,-0.9412,0.16252,0
226,2,226,0,-16.94982,-0.17389,0.10282,0.46883,-1.44485,-2.50514,-0.21933,-1.86836,-0.01255,-0.45866,0
227,2,227,0,-11.65955,-1.21849,0.53142,0.8638,0.16917,-0.40512,-0.04749,-0.09272,-1.37464,0.45741,0
228,2,228,0,-9.13803,-2.03018,0.35958,0.05973,0.304,-2.48292,-0.47211,-1.32696,-0.13348,-1.22532,0
229,2,229,0,-10.94355,-1.63571,-0.87578,1.71444,-2.08322,1.1763,-3.90268,1.74105,-6.45806,1.80361,0
230,2,230,0,-11.46589,0.5795,-3.20041,1.04998,-2.21172,-0.52302,-0.17897,-0.21642,-1.61533,0.26125,0
231,2,231,0,-7.72971,-0.65532,-0.95156,2.08572,-1.54577,0.35426,-1.00179,1.20309,-0.27836,1.17363,0
232,2,232,0,-8.83644,-1.41892,1.18706,-2.46653,1.92259,-1.3414,0.79929,-1.67429,0.55005,-1.51183,0
233,2,233,0,-17.57954,-1.28335,-1.94516,0.51278,-2.1851,-0.29469,-1.60184,-0.64122,-4.2993,-0.31954,0
234,2,234,0,-30.50738,1.15413,-8.09037,1.28865,-7.62944,1.83773,-6.6492,0.69534,-6.83507,0.019,0
235,2,235,0,-17.64327,-1.09685,-3.40717,-0.98304,-2.5511,0.90653,-3.56734,0.51651,-4.47167,0.7139,0
236,2,236,0,-13.23907,-1.95497,-1.16358,-2.31489,-0.58911,-3.2764,3.13974,-3.76306,-1.15809,-3.44864,0
237,2,237,0,-6.90416,1.97335,-0.28863,-0.78989,0.94049,0.48729,1.02671,0.32171,-4.81937,3.30383,0
238,2,238,0,-11.15286,-3.30933,0.62042,-2.0559,0.90421,-2.34528,-1.25056,-2.53746,-3.55035,-1.23922,0
239,2,239,0,-11.17782,0.52369,-1.0929,0.3208,-1.85939,-0.76115,-0.12148,-1.31557,-1.88508,1.43055,0
240,2,240,0,-13.37495,-0.91038,-1.35672,-1.61275,-1.42254,0.09667,-1.83896,-1.17665,-3.19845,0.91454,0
241,2,241,0,-19.10495,-2.56687,-1.13007,-1.35172,-1.17634,-1.01534,-2.4388,-1.37087,-2.29845,-1.27529,0
242,2,242,0,-19.80528,-0.84535,-4.10128,-0.49742,-2.91663,0.00678,-4.31078,-1.37885,-2.45346,-2.5643,0
243,2,243,0,-12.99413,-1.56565,-0.65658,-1.74042,1.23637,-1.99933,1.17323,-2.00578,0.1704,-1.54212,0
244,2,244,0,-9.88576,0.53244,-1.80883,-0.14888,-2.5913,-0.99034,-2.87915,-0.34827,-3.47861,0.08445,0
245,2,245,0,-19.51561,-1.37287,-1.32,0.85544,-2.92355,-1.3608,-1.78742,-0.17296,-2.8231,0.94222,0
246,2,246,0,-25.18162,-0.22759,-3.23521,-0.13299,-1.53825,-1.95879,-1.12285,-2.12666,-2.50321,-0.70634,0
247,2,247,0,-20.69764,0.93569,-5.07391,2.69694,-5.57327,2.17787,-6.49109,2.23728,-7.11501,1.89195,0
248,2,248,0,-22.81142,-2.96654,-4.13523,1.48467,-4.34595,-0.03077,-4.42227,-1.07491,-6.59321,-0.25082,0
249,2,249,0,-26.39988,-2.12497,0.11895,-1.67424,-1.0026,-1.0032,-0.23678,-1.20837,-3.77191,-0.46358,0
250,2,250,0,-13.51087,-2.00959,1.94056,-2.95122,1.25403,-1.32312,1.78401,-1.38932,-1.02089,0.93995,0
251,2,251,0,-18.97074,-2.37958,-1.62611,-0.88003,-3.47322,-0.46862,-3.03038,-0.72949,-2.77501,0.42299,0
252,2,252,0,-13.04392,-0.05283,-2.46808,1.14762,-2.33261,0.93602,-2.4665,1.71584,-3.70152,1.26907,0
253,2,253,0,-18.3501,-1.2627,-2.08139,0.5038,-0.94593,-0.59212,-0.12043,-1.01341,-2.04038,0.52435,0
254,2,254,0,-23.44099,0.75387,-5.28492,0.37519,-3.12119,0.14051,-3.22341,-0.6016,-3.08433,-1.03116,0
255,2,255,0,-18.59994,0.83425,-5.20902,2.15097,-4.22883,1.41651,-5.69895,0.56436,-4.98882,0.05853,0
256,2,256,0,-21.08826,1.16125,-8.29831,2.31547,-5.73309,1.19789,-6.47832,-0.68333,-6.46569,1.07153,0
257,2,257,0,-16.26491,-1.18494,-1.07834,-0.18576,-0.59893,-2.67289,0.4619,-0.79953,-3.27798,0.32443,0
258,2,258,0,-17.18443,-2.84949,0.57988,-1.07828,0.23697,-1.61912,1.12891,-1.87063,-2.06128,-0.02075,0
259,2,259,0,-25.82441,1.35117,-7.50759,1.42863,-5.76996,0.24471,-3.92087,-1.20167,-2.98729,-0.51481,0
260,2,260,0,-15.60943,-0.21714,-0.22574,-0.73105,1.07274,-1.74082,1.4546,-2.69436,-0.65601,0.76149,0
261,2,261,0,-12.73457,-2.28766,-0.06773,-1.76764,0.15952,-2.56302,-0.84717,-1.58123,-0.47627,-0.86882,0
262,2,262,0,-8.23855,-2.91141,0.9236,0.69264,-0.94006,-1.48345,1.2845,-2.00845,0.97264,-1.83484,0
263,2,263,0,-11.008,-2.53356,1.14953,0.59664,1.2821,-2.97476,0.37401,-1.56906,1.43494,-1.03172,0
264,2,264,0,-10.41016,-0.67749,0.04802,0.65667,-0.37927,-1.67998,-1.02738,-0.72352,0.7946,-0.29732,0
265,2,265,0,-17.3519,-2.82442,0.3541,-1.35109,-2.10776,-0.90476,-1.30111,-0.69449,-0.48244,-1.59942,0
266,2,266,0,-13.54534,-3.44785,-0.37407,0.84591,-3.40493,-0.5134,-4.12654,-0.13049,-2.08194,0.86084,0
267,2,267,0,-9.48744,-1.11462,1.61024,1.08185,0.02162,0.53409,-2.34421,2.29865,-1.90564,2.38151,0
268,2,268,0,-13.0239,-0.86793,-0.78988,1.51338,-2.68981,-0.11841,-0.44604,-0.26852,-2.34855,1.53476,0
269,2,269,0,-13.33743,-3.48337,-0.12254,0.95599,-3.22355,0.50669,-2.69203,0.31919,-3.23762,-0.04752,0
270,2,270,0,-16.92192,2.10119,-6.42917,1.36086,-2.78638,2.72584,-4.71566,2.04957,-4.55283,1.35488,0
271,2,271,0,-18.71318,-1.08378,-7.04214,1.36579,-6.41724,-0.15576,-5.24559,-1.84064,-3.40127,-1.15911,0
272,2,272,0,-18.68608,-0.83135,-2.33107,-0.87033,-1.86938,-0.9036,-0.80812,-1.7725,-0.4649,-3.03382,0
273,2,273,0,-13.75844,-1.69648,-0.54196,-0.01674,-0.2598,-1.67999,1.96915,-2.48033,0.6318,-1.58503,0
274,2,274,0,-15.83978,-0.21922,-1.90656,-0.43348,-1.07644,-0.80729,-1.20932,-0.89515,-0.89993,-1.93822,0
275,2,275,0,-13.71506,-3.26449,0.64462,-4.28401,0.398,-1.35939,-2.97409,-0.08335,0.24463,-2.34092,0
276,2,276,0,-13.61386,-3.12931,-0.52261,-2.94637,-0.66348,0.37036,-1.85458,-2.87527,-0.42635,-1.20128,0
277,2,277,0,-25.32437,1.07594,-7.05982,1.5393,-5.72986,2.13456,-6.33579,1.24019,-6.53569,-0.09584,0
278,2,278,0,-14.42922,-1.77492,-0.43863,1.11495,-0.75866,-0.26867,0.99642,0.35196,-2.04634,1.18684,0
279,2,279,0,-17.25924,-1.75136,-0.98063,-2.57282,0.95441,-1.99203,0.67641,-0.79776,-0.00823,-0.80713,0
280,2,280,0,-21.42126,-0.43889,-4.08233,3.22229,-5.06742,1.41852,-4.46872,1.16163,-4.47422,1.01474,0
281,2,281,0,-24.9082,1.59682,-5.32617,3.93879,-6.37058,2.62362,-5.22113,1.34959,-4.83274,0.34042,0
282,2,282,0,-26.11929,0.51569,-6.73999,1.06444,-5.9285,1.04108,-4.44394,0.6437,-4.82334,0.48145,0
283,2,283,0,-21.50607,0.27473,-3.24319,0.78179,-1.41823,-1.71139,1.51897,-1.62268,-0.59827,-0.57595,0
284,2,284,0,-15.00754,-1.4493,1.4496,-2.70469,2.60763,-2.98314,3.17162,-1.19753,-0.01008,0.11702,0
285,2,285,0,-19.59272,-0.78766,-1.90199,-0.7957,-2.09988,0.81406,-4.03547,0.25791,-3.97677,-0.23785,0
286,2,286,0,-23.28407,1.57703,-8.1634,2.53558,-6.38514,0.63181,-5.58931,0.14068,-5.14479,-0.41986,0
0,3,0,0,-19.6725,-0.60886,-0.11964,-2.21547,0.5573,-3.42547,1.53352,-3.06417,0.94773,0.00884,0
1,3,1,0,-18.1389,-1.7152,-0.0559,-0.82809,1.43454,-1.37779,0.06598,-0.04866,1.45812,0.74796,0
2,3,2,0,-20.50932,1.07406,-2.5757,-0.80437,-1.49515,-1.01048,-1.67601,-0.57002,-1.24869,-0.75179,0
3,3,3,0,-15.02781,-1.01771,-0.20965,0.33707,0.47729,-0.83743,-0.38677,-0.93038,-0.59378,0.68219,0
4,3,4,1,-15.65833,0.34116,-2.24772,-1.16926,0.30539,-1.62896,-0.8961,-0.72137,0.95644,-2.23008,0
5,3,5,0,-16.26572,-1.51862,0.09461,-0.62568,-1.67082,-1.01268,1.30036,-2.95664,0.43476,-2.91295,0
6,3,6,1,-10.64842,-0.82072,-2.0228,-0.59005,-0.37963,1.32253,-1.17857,0.89304,-1.30181,-1.96979,0
7,3,7,0,-13.99575,-3.24472,1.33363,-2.5086,-0.52596,-3.90411,0.1254,-3.63737,0.14932,-4.1065,0
8,3,8,0,-9.20121,-0.66635,1.45481,-0.64088,0.79782,-0.53859,-0.4925,0.52681,-1.80119,-0.32011,0
9,3,9,0,-6.10946,-2.98533,1.86545,-1.54134,-0.30449,-0.4067,0.15625,-0.338,-1.12761,-1.85645,0
10,3,10,0,-15.54012,1.10876,-2.30828,-1.18392,-1.60622,-0.21237,-0.26488,-1.07878,-2.41455,-0.70148,0
11,3,11,0,-17.50129,-0.1854,-3.64622,1.24912,-4.42138,2.00207,-4.39684,1.10055,-6.11424,0.78605,0
12,3,12,0,-15.80487,-0.65072,-6.05757,0.70459,-5.31403,2.99099,-6.23174,1.46331,-5.78244,-0.18702,0
13,3,13,0,-20.27327,-2.0739,-2.98918,-0.53227,-2.61078,-1.37202,-1.31129,-0.9114,-1.4056,-0.99582,0
14,3,14,0,-14.90379,-0.80397,-2.15403,-1.37459,-0.07446,0.81262,-3.16573,0.68022,-1.31142,-0.60324,0
15,3,15,0,-18.81789,-0.41462,-1.25401,-1.37264,-1.84539,-2.17044,-1.05096,-0.75186,-1.03953,-1.36888,0
16,3,16,0,-11.87226,0.8881,-1.30831,0.40452,-0.07952,-0.02711,0.22287,0.55675,1.03018,0.08412,0
17,3,17,0,-5.89095,-2.67027,2.64027,0.31198,1.95509,1.19138,0.58687,1.92996,1.64868,1.34222,0
18,3,18,0,-11.02776,-0.25441,0.38601,-0.06316,0.82185,-0.96941,0.68373,0.27961,1.16496,0.06568,0
19,3,19,0,-10.97868,-3.34824,0.68633,-0.86099,0.83088,-1.96495,0.96389,-1.02484,0.73327,-1.3565,0
20,3,20,0,-16.43363,-1.10059,-0.88113,-0.5773,0.67063,-1.30327,-1.85713,-0.33829,-1.48143,-2.01262,0
21,3,21,0,-17.7833,-2.11251,-3.32669,-1.27617,-1.34939,-2.34158,-2.27323,-1.36478,0.46462,-3.5123,0
22,3,22,0,-16.86986,-1.10702,-0.54629,-2.20903,0.22947,-2.15477,0.33253,-0.82689,-2.54043,-0.80156,0
23,3,23,0,-16.25882,-1.19298,-2.31903,-1.22837,-1.93167,-1.39913,-1.08767,-1.20517,-1.22743,-0.69751,0
24,3,24,0,-17.67149,-4.62049,1.08605,-4.62865,1.73558,-4.54973,0.48738,-3.21482,-0.11549,-2.91441,0
25,3,25,0,-17.02604,-2.01921,-1.62121,-1.6996,-3.0372,-0.39444,-4.8262,0.31905,-3.1781,-0.35962,0
26,3,26,0,-18.23207,0.37138,-3.32576,-0.90863,-2.78833,0.81131,-3.86961,0.12704,-4.01723,-0.13569,0
27,3,27,0,-21.68286,-1.04534,-5.74418,-0.31932,-4.23092,0.99637,-4.69488,-0.15283,-6.0342,-0.19406,0
28,3,28,0,-24.71614,-0.22283,-6.76778,2.06737,-6.34667,2.6303,-6.19977,0.95254,-6.85259,1.1993,0
29,3,29,0,-18.59734,-0.17792,-4.95245,0.54719,-3.72622,2.01403,-4.85451,0.79623,-3.9011,0.29558,0
30,3,30,0,-22.12704,1.52208,-4.67413,-0.57052,-2.63116,-0.21451,-1.48252,0.24157,-2.79447,0.08949,0
31,3,31,0,-15.0864,3.35064,-4.50114,-0.89572,-3.12556,2.41359,-5.0104,1.97239,-5.93318,0.77157,0
32,3,32,0,-20.66946,0.6031,-3.00246,-2.53463,-0.42906,-2.42757,-0.02403,-2.10571,1.46693,-1.23269,0
33,3,33,0,-17.41067,0.58901,-1.90352,-0.41132,-1.48271,-0.21329,-1.26283,2.28698,-4.65914,0.11903,0
34,3,34,0,-20.83334,0.74846,-2.20804,-3.06369,1.62184,-1.34261,1.8155,0.09114,-0.04956,0.44485,0
35,3,35,0,-23.5118,1.62525,-2.17074,-2.25731,-0.025,-2.92122,0.66449,-1.64317,0.67774,0.75914,0
36,3,36,0,-21.94391,-2.74816,0.8828,-5.50819,2.42906,-6.0017,2.70925,-5.36016,2.51941,-3.62536,0
37,3,37,0,-17.57251,-0.50314,-1.33802,-3.07672,1.27362,-3.04798,-0.03675,-2.13785,0.32782,-2.05808,0
38,3,38,0,-19.84264,-2.57043,-2.81715,-2.6803,-0.21706,-2.5955,-0.29546,-3.50724,-0.21721,-2.23011,0
39,3,39,0,-14.64632,0.04067,-3.87173,0.04021,-2.6766,1.15291,-3.91926,-0.54665,-2.28144,-0.49966,0
40,3,40,0,-13.29865,0.38175,-2.60829,-1.59141,-1.14765,1.03309,-4.69327,-0.69861,1.73766,-0.81636,0
41,3,41,0,-14.76363,2.78687,-4.49516,0.07344,-3.8962,0.2812,-2.79122,-1.54393,-2.68511,1.19066,0
42,3,42,0,-21.79044,-1.89981,-2.19786,-1.25638,-0.8444,-1.01229,-2.74395,-1.89916,-0.51046,-1.28376,0
43,3,43,1,-16.69796,-1.2262,0.60561,-3.48659,0.33402,-2.72308,1.53787,-2.97836,1.90584,-2.87344,0
44,3,44,0,-16.94775,-2.50379,0.10383,-0.25872,-2.66652,-0.86375,-1.50973,-1.71219,-2.50722,-0.61548,0
45,3,45,1,-20.79487,1.07114,-4.19707,-1.2022,-0.96053,-2.74508,-0.29098,-0.74007,-2.41127,-1.35925,0
46,3,46,0,-18.18472,-3.3539,0.76435,-2.33225,0.19875,-3.73374,1.5837,-2.39151,1.11858,-1.1188,0
47,3,47,0,-13.16882,0.19135,0.97822,-2.15739,1.39818,-1.45376,0.2972,-2.42325,0.72624,-0.54982,0
48,3,48,0,-18.24376,-0.70037,-0.73353,-3.19899,1.59257,-1.79259,1.38715,-1.03639,0.06059,-0.70922,0
49,3,49,0,-18.77416,-1.20911,-0.12468,-2.82908,-0.94781,-1.2755,-0.00917,-2.42025,1.93992,-1.62218,0
50,3,50,0,-24.09466,-0.20934,-3.83863,-1.37505,-2.79049,-0.82489,-4.41921,0.56927,-5.75418,-0.59559,0
51,3,51,0,-13.58716,2.4453,-1.02357,-1.47191,-0.82954,1.17908,-2.59679,2.26521,-4.80192,1.44498,0
52,3,52,0,-27.5411,0.37345,-6.99467,0.18186,-5.34646,0.34965,-4.20744,-0.9444,-4.60583,-0.85617,0
53,3,53,0,-20.30201,1.31682,-6.58088,0.41677,-4.8779,1.2183,-5.94796,1.07546,-5.71805,0.48021,0
54,3,54,0,-20.29459,3.13045,-5.4258,-0.56156,-0.61328,0.60443,-1.66969,0.47707,-2.90784,1.19952,0
55,3,55,0,-11.19867,-1.08708,0.51136,-0.85382,1.07166,-1.02226,2.21443,-1.73025,-0.56999,0.86238,0
56,3,56,0,-17.58778,-2.78647,-0.20783,-1.66058,0.09824,-1.7552,-0.15548,-1.52882,-1.78209,0.77418,0
57,3,57,0,-19.50342,-2.97508,-1.19711,-2.79805,-0.70173,-0.92653,-2.5169,-0.47024,-1.71002,-0.77473,0
58,3,58,0,-16.05286,-1.22641,-1.24168,-3.10038,0.62744,-1.03967,-1.96431,0.02378,-3.88252,0.00971,0
59,3,59,0,-13.65008,-2.44553,-0.51029,-1.76087,1.07652,-2.04717,0.42827,-1.43028,1.43454,-0.79936,0
60,3,60,0,-17.40014,0.71078,-2.27177,0.2641,-1.81385,0.94337,-3.80353,1.2638,-4.27779,0.57788,0
61,3,61,0,-13.27972,0.29306,-1.58316,-1.51225,0.40014,0.03605,-0.7134,0.65431,-0.97157,0.13731,0
62,3,62,0,-13.59579,-2.62066,-0.2221,-0.95592,-0.20769,-2.1905,-0.04733,-2.42228,0.31012,-1.58562,0
63,3,63,0,-22.57422,-0.30189,-3.40772,-2.33039,-0.79982,-1.27802,-2.43131,-0.22948,-2.57043,-1.57908,0
64,3,64,0,-16.38882,-0.98225,0.34367,-0.50959,0.88745,-2.0478,1.33963,-2.29836,1.49329,-0.82625,0
65,3,65,0,-13.85047,0.15954,-3.16416,-0.18307,-1.34005,1.04238,-1.52454,-0.1655,-1.65379,-0.36076,0
66,3,66,0,-9.07444,-1.20096,-0.23164,0.47728,-0.04416,0.05692,0.74925,-0.50772,0.00957,0.17347,0
67,3,67,0,-6.97241,-0.14945,0.83025,-1.65812,1.11946,-0.83232,0.23155,-0.45015,1.03031,-0.29993,0
68,3,68,0,-12.24811,0.94994,-0.83294,-1.94323,2.99971,-2.45677,1.72548,-1.87355,0.72798,-1.05428,0
69,3,69,0,-11.10934,-0.64827,0.25726,-1.09729,-0.19562,-0.40281,-1.47793,-0.04669,-3.93002,-0.44453,0
70,3,70,0,-12.86376,1.04945,-2.56332,0.26748,-3.31131,1.13416,-2.60046,0.70057,-3.90465,-0.48354,0
71,3,71,0,-19.63991,1.25309,-5.44686,3.35949,-6.58083,3.40418,-8.93293,3.38585,-8.88769,2.16539,0
72,3,72,0,-20.13273,1.37135,-5.77642,1.50076,-4.14686,1.57116,-3.46948,0.7193,-3.29823,-0.63722,0
73,3,73,0,-19.27457,-0.97923,-4.91989,1.52486,-5.47279,2.03506,-4.25421,0.27285,-5.88384,-1.82528,0
74,3,74,0,-21.37734,0.28607,-3.56186,0.75519,-4.1338,0.97972,-2.75738,0.81068,-4.5705,0.16933,0
75,3,75,0,-19.75551,-1.96248,-2.84822,-1.11154,-3.01511,-1.18542,-1.89432,-2.0363,-0.51025,-0.40959,0
76,3,76,0,-13.52627,-0.02544,-1.16669,-0.42724,-2.46934,-0.8919,-2.00281,-0.96189,-0.48084,-0.67235,0
77,3,77,0,-15.14298,-2.84919,-1.96308,-1.07112,-2.22366,-0.44118,-2.32046,-1.52248,-4.14138,-1.75851,0
78,3,78,0,-11.31554,0.62287,-3.588,1.04115,-2.1672,0.40663,-0.25339,-0.32705,-1.14304,0.42098,0
79,3,79,0,-19.83318,-1.14769,-3.57807,-2.08061,-2.96662,-2.44656,-1.99336,-1.13771,-3.37637,-1.45873,0
80,3,80,0,-19.11193,-1.20406,-1.43324,-3.12866,0.52082,-3.8327,-0.28599,-1.14772,1.50121,-1.85859,0
81,3,81,0,-19.4507,-1.33578,-3.79299,-1.63434,-2.97294,-2.31948,-0.53046,-0.94858,-2.68839,-1.60851,0
82,3,82,0,-11.76615,0.26404,-0.56638,-1.74481,0.19625,-1.47143,0.15639,-1.20574,1.84052,-0.92267,0
83,3,83,0,-8.30279,0.82939,-2.37698,-2.11316,-0.54648,-1.32048,1.36163,-0.46929,1.30045,-1.64546,0
84,3,84,0,-14.57664,0.99558,0.105,-0.55892,0.18645,-0.64093,1.49151,0.60582,-0.63087,0.55595,0
85,3,85,0,-20.2381,-0.74265,-2.1234,-1.51931,-3.05223,-0.59198,-3.10156,-0.50244,-3.26587,0.00404,0
86,3,86,0,-18.90036,0.96959,0.03914,-1.26806,-0.06801,-0.05368,-1.46211,0.58877,-0.48458,-0.55427,0
87,3,87,0,-14.82911,0.40875,-3.55574,0.67737,-1.6991,-0.5024,-1.08662,-0.31092,-1.65094,0.51391,0
88,3,88,0,-10.28639,-0.01185,1.23352,-2.59682,-0.64206,-0.40968,-1.41035,0.57259,-1.42312,0.21607,0
89,3,89,0,-18.73743,1.02366,-3.15069,0.97523,-3.13539,0.68419,-2.10313,-0.5767,-2.65755,0.7226,0
90,3,90,0,-23.30588,-0.68961,-6.23616,0.00521,-4.89315,1.89069,-5.95937,0.2661,-6.98802,1.21589,0
91,3,91,0,-18.60303,1.03474,-4.85032,-0.96524,-3.6279,0.80182,-3.032,-0.40065,-3.91662,0.5609,0
92,3,92,0,-9.42298,-1.17372,-1.98924,-0.83145,-2.35768,1.28676,-3.85806,0.53116,-2.14347,0.69745,0
93,3,93,0,-13.49781,-2.03749,-0.8229,-3.15438,-1.76277,-1.21483,-1.55799,-1.43231,-1.83907,-0.73575,0
94,3,94,0,-15.43299,-3.465,1.2363,-3.23044,0.14448,-2.54732,-0.09435,-2.13682,-0.46604,-1.51975,0
95,3,95,1,-14.55996,-1.02091,-1.46506,-3.19622,0.15106,-0.45433,-4.03559,-1.4107,-0.47782,-1.02561,0
96,3,96,0,-9.75675,-1.51495,1.75161,-2.86686,1.17512,-1.67668,-0.80985,-0.94524,-1.72309,0.44891,0
97,3,97,1,-13.35312,-1.27554,-1.71016,-1.93399,-0.17014,-1.54681,-0.49955,-1.29796,0.96148,-1.09345,0
98,3,98,1,-6.17967,-0.4626,1.91205,-0.56794,2.30746,-0.21699,0.6809,0.70235,-0.47045,3.01465,0
99,3,99,1,-12.26351,-1.5632,-1.06709,0.2109,0.38899,-0.3132,-2.54866,0.22865,-1.03953,0.29936,0
100,3,100,0,-9.03383,-1.29147,-0.6739,-0.88377,0.14734,-1.50149,-0.42673,0.93244,-2.37745,0.50553,0
101,3,101,0,-14.80725,-1.45453,-1.62338,-0.78755,-2.1312,-0.55377,-1.09681,-0.5808,-1.47885,-0.09995,0
102,3,102,0,-11.0776,0.13377,-0.63604,-0.27425,-0.18851,0.26149,-0.19362,-0.54281,-1.12293,1.07256,0
103,3,103,0,-17.56311,0.1891,-1.76126,-0.18424,-2.14999,0.12298,-4.18646,0.76807,-3.17272,0.27535,0
104,3,104,0,-18.40074,-0.03682,-2.30746,-0.53805,-2.08175,0.47633,-1.99949,-0.75957,-3.25269,-0.46236,0
105,3,105,0,-18.32765,1.16528,-1.68596,0.19321,-3.70387,1.18503,-2.37829,0.97795,-1.92791,0.32547,0
106,3,106,1,-11.2745,0.05325,-0.08569,-2.36955,1.76736,-0.7185,2.72059,-2.93076,3.14788,-1.5989,0
107,3,107,0,-19.78314,-4.18765,-0.41102,-5.28129,0.63309,-3.6971,-0.00843,-3.54361,0.7443,-3.70188,0
108,3,108,1,-16.01054,0.30819,-1.06613,-2.23739,0.49343,-2.21931,0.48482,-2.17672,0.40561,-1.25185,0
109,3,109,0,-15.4088,-2.41632,0.15166,-3.10196,1.36632,-0.87642,-0.46327,-2.918,1.0243,-2.25833,0
110,3,110,1,-14.7109,-1.14844,-1.68396,-3.45613,0.01701,-3.79698,-0.85073,-4.35057,1.8706,-4.40208,0
111,3,111,0,-15.23417,1.94917,-3.35694,-1.72582,-0.62621,-1.15536,-1.33398,-3.3411,-1.85911,-1.74774,0
112,3,112,0,-16.1908,-1.6611,-2.42092,-1.96975,-1.81289,-0.70532,-1.38366,-0.99535,-2.51626,-1.3525,0
113,3,113,0,-19.35999,0.88061,-0.64128,-1.26237,-1.12642,0.8214,-0.24597,-1.10476,-1.31299,0.0404,0
114,3,114,0,-18.57359,-2.239,0.11805,-2.26186,-0.21972,-3.09485,1.35656,-2.57242,-0.32806,-0.91945,0
